User_ID,Product_ID,Category,Price,Discount,Final_Price,Payment_Method,Purchase_Date
337c166f,f414122f-e,Sports,36.53,15,31.05,Net Banking,2024-11-12
d38a19bf,fde50f9c-5,Clothing,232.79,20,186.23,Net Banking,2024-02-09
d7f5f0b0,0d96fc90-3,Sports,317.02,25,237.76,Credit Card,2024-09-01
395d4994,964fc44b-d,Toys,173.19,25,129.89,UPI,2024-04-01
a83c145c,d70e2fc6-e,Beauty,244.8,20,195.84,Net Banking,2024-09-27
3fdcdae8,0816ee12-5,Books,241.86,50,120.93,UPI,2024-08-08
12772337,d41e0b55-c,Toys,76.91,5,73.06,Credit Card,2024-03-28
9f0194af,83b7dc04-5,Sports,213.23,20,170.58,Net Banking,2024-05-29
7a8559d8,87c9c896-1,Sports,379.81,5,360.82,Credit Card,2024-02-26
8911f0d1,31308875-b,Home & Kitchen,415.36,50,207.68,Net Banking,2024-01-11
98857e41,b2b1af7b-7,Books,73.09,10,65.78,Cash on Delivery,2024-10-21
3b857e65,e221cf14-c,Beauty,393.77,15,334.7,Cash on Delivery,2024-09-10
204fab33,8c9a5f54-b,Home & Kitchen,287.69,10,258.92,Credit Card,2024-03-08
88159234,eeb0635d-a,Sports,26.26,50,13.13,Credit Card,2024-05-10
8c1f2f98,38aec303-2,Clothing,305.1,25,228.83,UPI,2024-06-20
a84d7206,69d91fbc-3,Home & Kitchen,113.71,5,108.02,Credit Card,2024-04-28
4578c08e,928b4b24-d,Toys,426.75,0,426.75,Net Banking,2024-08-17
ba3964fa,12f03ff4-6,Home & Kitchen,52.98,0,52.98,Net Banking,2024-08-08
78595586,729191af-4,Electronics,223.89,0,223.89,Cash on Delivery,2024-06-13
195e0c14,089c1cdd-0,Clothing,166.75,0,166.75,Debit Card,2024-09-23
7f6e9ab5,a38a732e-9,Home & Kitchen,77.22,15,65.64,Cash on Delivery,2024-06-01
d33a1a62,4c021051-3,Toys,28.6,25,21.45,Credit Card,2024-04-19
427a8468,e57d04f5-d,Books,395.73,15,336.37,Cash on Delivery,2024-11-07
97f18950,b1d2560c-7,Home & Kitchen,351.87,0,351.87,Net Banking,2024-08-31
426308a5,4dc7c4a3-8,Toys,257.14,20,205.71,Net Banking,2024-09-14
57c601ea,ce353020-f,Sports,332.0,20,265.6,Net Banking,2024-02-03
a429364b,7fd8663b-b,Toys,375.59,30,262.91,Net Banking,2024-04-14
928bddf9,b338a0b6-7,Beauty,235.13,25,176.35,UPI,2024-08-06
0f32a6f6,df52cac6-d,Electronics,352.95,50,176.47,UPI,2024-08-05
d71af9e5,d384b62b-c,Toys,245.98,15,209.08,Cash on Delivery,2024-06-28
b0d1473b,7004654f-0,Toys,389.72,10,350.75,Debit Card,2024-04-22
9b99bfb0,5bfb14c4-f,Home & Kitchen,88.07,30,61.65,UPI,2024-10-07
de4cdcdd,411c40d9-1,Beauty,40.78,50,20.39,Cash on Delivery,2024-03-20
5f57fbd4,d5b42863-c,Toys,105.1,25,78.82,Net Banking,2024-03-10
87f21131,b896f670-9,Home & Kitchen,224.52,50,112.26,Debit Card,2024-05-21
f7d6dfab,6b5e4a98-0,Books,300.81,5,285.77,Debit Card,2024-06-01
ca363a04,7f05dd28-6,Toys,24.17,25,18.13,Credit Card,2024-01-15
68d24203,3e56a630-e,Clothing,95.41,15,81.1,Debit Card,2024-04-21
0ae7336e,1dc3b1a0-4,Clothing,490.77,10,441.69,UPI,2024-08-03
72343250,cc379a88-b,Electronics,188.07,50,94.03,Debit Card,2024-07-01
021adfb6,1695a728-0,Home & Kitchen,319.29,5,303.33,Credit Card,2024-02-20
a9f47880,c66354db-6,Toys,403.4,10,363.06,Net Banking,2024-08-25
005258a0,273c5035-2,Electronics,303.14,0,303.14,Debit Card,2024-05-17
5e088877,74b72b2f-7,Home & Kitchen,337.81,25,253.36,Credit Card,2024-06-18
f2e7bcc0,5e059f5f-7,Clothing,449.74,10,404.77,Cash on Delivery,2024-09-15
5a1d9851,dd5071f5-c,Sports,272.92,30,191.04,Net Banking,2024-05-12
cc672bd7,db828c6d-0,Home & Kitchen,432.89,15,367.96,Credit Card,2024-02-25
5c2f954d,db26458e-0,Home & Kitchen,310.86,10,279.77,UPI,2024-10-30
d5daed7a,ee59d876-b,Beauty,479.19,0,479.19,Debit Card,2024-08-11
0b32dc6f,919b53bb-2,Home & Kitchen,350.61,10,315.55,Debit Card,2024-06-03
a151d3b5,159dca37-7,Books,154.62,50,77.31,Net Banking,2024-10-08
e9fde811,af65c4a5-5,Toys,435.6,50,217.8,Net Banking,2024-04-04
932c893c,847e77d3-d,Toys,400.31,25,300.23,Net Banking,2024-08-03
b98d8283,e907e57c-b,Electronics,15.81,25,11.86,UPI,2024-05-08
4319ad38,f8495894-2,Toys,35.25,15,29.96,UPI,2024-01-11
0b204db3,be68a8d8-7,Electronics,414.76,0,414.76,Debit Card,2024-06-30
eb65d1ca,e964198d-7,Toys,334.47,30,234.13,Debit Card,2024-08-25
2ce76c47,c834b41d-5,Home & Kitchen,178.39,25,133.79,UPI,2024-10-04
e186c635,c4ddee78-e,Books,237.95,15,202.26,Net Banking,2024-10-22
8e9eae19,59718054-8,Electronics,458.12,15,389.4,UPI,2024-08-29
1100831a,0a46a91c-d,Beauty,286.5,5,272.18,Credit Card,2024-08-10
64b48c94,07ce9e62-a,Sports,10.78,10,9.7,Net Banking,2024-08-22
88e9aac9,baff7ab2-1,Beauty,342.66,30,239.86,UPI,2024-07-24
a87b658a,2449a91f-2,Sports,225.17,30,157.62,Cash on Delivery,2024-09-16
f92a5812,273ceb78-0,Clothing,405.45,25,304.09,UPI,2024-07-18
158e8085,04dcad68-2,Beauty,112.45,0,112.45,Credit Card,2024-07-07
179ae4c5,6d1089e4-9,Books,380.81,20,304.65,Credit Card,2024-04-01
79aff6cb,32452d43-a,Sports,394.12,25,295.59,Credit Card,2024-03-09
4e082c18,df40cf3d-6,Sports,334.77,15,284.55,Cash on Delivery,2024-01-29
3a475b95,42559644-1,Clothing,125.65,10,113.09,UPI,2024-02-27
57633cda,54c501ae-e,Toys,202.26,20,161.81,Cash on Delivery,2024-09-13
3f09b3c3,893343d5-d,Clothing,173.51,20,138.81,Net Banking,2024-01-28
12574fb0,ade73cc0-5,Toys,30.8,50,15.4,UPI,2024-04-28
6b92aea5,663d067f-2,Home & Kitchen,305.93,10,275.34,Cash on Delivery,2024-10-19
cf929cc7,bc84dcb8-5,Clothing,282.5,5,268.38,Cash on Delivery,2024-04-14
c73916c0,56c95db1-7,Books,274.87,50,137.44,Net Banking,2024-09-17
ddae0858,4dd272cd-4,Electronics,93.08,20,74.46,Net Banking,2024-03-11
616fca83,c893a571-b,Home & Kitchen,274.11,15,232.99,Credit Card,2024-10-17
0ac5e876,60e53d02-0,Sports,362.61,0,362.61,Cash on Delivery,2024-11-21
5d31e0f4,568f353e-6,Electronics,486.62,25,364.97,Net Banking,2024-01-09
04cdb11d,c2d4aa98-b,Home & Kitchen,336.49,20,269.19,Cash on Delivery,2024-09-03
e54b0416,ec8c9491-b,Toys,454.39,25,340.79,Credit Card,2024-09-04
0d9f9cc3,dd1ca92d-a,Home & Kitchen,215.44,50,107.72,UPI,2024-06-22
8c2e8d5f,0fa064a8-d,Clothing,33.02,15,28.07,UPI,2024-09-18
849f6eb8,2ad0fe64-8,Toys,138.83,10,124.95,Net Banking,2024-06-18
6964d7bb,9a0a1741-8,Books,490.71,5,466.17,Debit Card,2024-03-10
f9941dc2,b46f5c60-7,Toys,280.66,15,238.56,Debit Card,2024-11-11
aa8f723f,214f0eed-f,Books,327.4,30,229.18,Debit Card,2024-09-11
0f78333d,c70fab41-e,Books,309.67,25,232.25,UPI,2024-09-04
94aa211f,fcbc5388-0,Books,292.67,25,219.5,Credit Card,2024-02-13
414b8fad,2257fd97-e,Clothing,40.87,15,34.74,Net Banking,2024-03-11
8f081976,34a952b4-a,Clothing,455.19,15,386.91,Net Banking,2024-10-05
41622516,5d9e94f3-1,Toys,312.3,10,281.07,UPI,2024-01-31
0b3c2c9f,4ff5749c-e,Sports,193.28,10,173.95,UPI,2024-06-11
b7f89b7e,74aeba43-c,Electronics,216.18,30,151.33,Credit Card,2024-03-27
458ce5f7,2228c622-f,Electronics,81.41,5,77.34,Cash on Delivery,2024-02-20
b9fabe54,e907f4d3-9,Beauty,496.05,5,471.25,Debit Card,2024-01-09
2403105a,a7298172-c,Sports,357.54,15,303.91,Cash on Delivery,2024-06-15
7a5f0316,4118f1cc-3,Electronics,133.93,0,133.93,Cash on Delivery,2024-04-24
e0424124,3b0a706d-2,Clothing,90.2,10,81.18,Debit Card,2024-01-28
b717743a,cd9ba20a-7,Books,431.44,50,215.72,UPI,2024-01-28
82d284f0,ec8c3655-e,Home & Kitchen,42.98,5,40.83,UPI,2024-09-07
83732a37,b3525981-b,Sports,182.04,0,182.04,UPI,2024-08-23
d8e5dd07,3d832b43-e,Beauty,83.58,20,66.86,Net Banking,2024-04-01
458c8213,c40efcc0-2,Clothing,92.92,10,83.63,Credit Card,2024-04-02
b955c6ec,268ce5a6-f,Toys,388.1,25,291.08,Cash on Delivery,2024-06-28
1a4639c6,9822591f-3,Beauty,417.57,50,208.78,UPI,2024-02-22
b3cb8c3c,707c9b5c-c,Sports,322.93,5,306.78,Credit Card,2024-01-03
3043e68e,cfe90194-b,Toys,257.21,5,244.35,UPI,2024-09-05
ffda329b,bf258db9-2,Home & Kitchen,29.92,50,14.96,Debit Card,2024-05-01
b2ab489e,137695d9-6,Home & Kitchen,239.67,15,203.72,UPI,2024-01-27
56c6e554,f477647f-5,Beauty,163.3,30,114.31,Credit Card,2024-05-31
03ec5d73,5b91457c-3,Books,135.62,30,94.93,UPI,2024-09-01
3f20311f,c0712648-3,Toys,61.84,50,30.92,Net Banking,2024-04-19
d5fb8686,412992e4-9,Sports,496.36,25,372.27,Credit Card,2024-07-30
a3df5dd4,40ca8015-7,Toys,107.11,30,74.98,Net Banking,2024-04-29
8fa5b154,bc26060a-5,Electronics,384.8,25,288.6,Credit Card,2024-10-07
f9b0b9bf,7f74df77-2,Toys,377.75,50,188.88,Credit Card,2024-05-25
6b395741,aef8a1b7-f,Home & Kitchen,285.18,0,285.18,Net Banking,2024-05-24
367debf4,dbc17060-e,Books,187.86,0,187.86,UPI,2024-02-24
51dc4386,87d16f8f-2,Sports,440.5,50,220.25,Net Banking,2024-09-24
6b4ec06c,4c54fc1d-0,Beauty,124.56,0,124.56,Credit Card,2024-04-16
313b6efb,7f15c4cf-6,Beauty,236.7,0,236.7,Cash on Delivery,2024-09-16
c68d813a,a95d5384-7,Clothing,397.16,30,278.01,Cash on Delivery,2024-10-11
3b327b6e,69ac51ab-8,Beauty,248.95,15,211.61,Debit Card,2024-04-14
bba6b57f,d516e842-3,Sports,123.71,50,61.85,UPI,2024-10-12
98a9ccae,d706b082-4,Electronics,62.46,30,43.72,Debit Card,2024-11-18
021b5be9,459a15e9-f,Electronics,451.3,20,361.04,Cash on Delivery,2024-06-12
2ea44e9d,4ccbd0eb-8,Sports,320.09,0,320.09,UPI,2024-03-15
ccab3064,7b348c44-0,Toys,51.73,30,36.21,Debit Card,2024-05-21
ab1add51,ced724ce-2,Toys,388.94,20,311.15,Net Banking,2024-05-21
f979e9ea,4cebabca-e,Sports,85.98,20,68.78,Credit Card,2024-05-14
8f30f97d,6b4b6852-a,Home & Kitchen,460.89,10,414.8,Debit Card,2024-05-18
b8e38e07,61a3694b-7,Home & Kitchen,492.64,20,394.11,Credit Card,2024-07-07
b1fe155c,4843631e-4,Sports,86.95,25,65.21,Cash on Delivery,2024-08-05
9daac50a,b503bda4-8,Beauty,416.65,15,354.15,Net Banking,2024-07-05
02f68644,c6e0579d-9,Toys,155.75,50,77.88,Credit Card,2024-07-22
ab51add8,b93bd2ee-b,Clothing,238.9,25,179.18,Cash on Delivery,2024-04-17
173a7d55,cf9bf8ad-9,Beauty,470.33,0,470.33,Credit Card,2024-04-12
c9939103,7ae18ecd-b,Toys,62.48,20,49.98,UPI,2024-06-02
46b35e44,9f5d4e87-5,Home & Kitchen,317.67,20,254.14,Net Banking,2024-02-10
1b4424dd,0de24149-d,Beauty,33.21,20,26.57,Net Banking,2024-03-14
16b4c497,b1cd2571-8,Books,118.52,5,112.59,Net Banking,2024-04-11
ebbfafc3,6518b3f5-9,Clothing,376.63,15,320.14,Credit Card,2024-05-07
f2c0a566,2a0374d2-e,Beauty,428.47,0,428.47,Credit Card,2024-03-15
34dad111,119fec0d-2,Beauty,462.91,20,370.33,Cash on Delivery,2024-07-02
aa7bdfa3,9e012e67-8,Electronics,385.98,15,328.08,Net Banking,2024-05-08
251c90d9,4b06ab84-e,Clothing,311.0,25,233.25,Net Banking,2024-07-31
598efd02,68235070-2,Toys,268.49,25,201.37,UPI,2024-05-09
c5642517,477dbdaa-9,Toys,185.46,10,166.91,Net Banking,2024-06-12
5e8aed36,e83298b7-c,Electronics,267.4,5,254.03,Cash on Delivery,2024-04-19
7be076d6,968716f9-d,Home & Kitchen,203.43,5,193.26,Debit Card,2024-09-23
41118f59,5b7f1241-9,Books,171.63,50,85.81,Net Banking,2024-02-21
2da125c1,69a949eb-b,Electronics,326.01,0,326.01,UPI,2024-10-11
d6b94141,e2a4b6ca-c,Electronics,147.71,0,147.71,Net Banking,2024-06-09
823e9a88,90518d68-1,Clothing,390.2,0,390.2,Net Banking,2024-02-02
7391f331,1ee7bc15-5,Home & Kitchen,406.06,50,203.03,UPI,2024-03-24
6bdb1d9e,7b5dd212-c,Books,268.42,5,255.0,Credit Card,2024-03-10
ab7273bc,eb1e3cad-b,Beauty,210.36,10,189.32,Cash on Delivery,2024-11-17
839f23dc,2838f818-c,Home & Kitchen,285.47,20,228.38,Net Banking,2024-06-01
42385946,9d19438f-d,Toys,494.46,10,445.01,Credit Card,2024-08-18
c7978493,c45f28ae-1,Clothing,287.09,20,229.67,Debit Card,2024-04-10
b6df8c21,0f772bf6-b,Clothing,378.27,0,378.27,Cash on Delivery,2024-03-29
c112eed4,42cf5d2e-e,Clothing,23.54,20,18.83,Debit Card,2024-07-11
92e87211,b2969904-5,Clothing,383.58,10,345.22,UPI,2024-06-07
a7a46866,8d276b60-e,Sports,41.61,15,35.37,Credit Card,2024-11-05
a1adb0ae,d13b913f-9,Toys,261.57,50,130.78,Debit Card,2024-07-20
f30003fb,5c2c5955-3,Electronics,251.32,5,238.75,Credit Card,2024-06-28
73bfc396,bc3bb60a-5,Sports,72.43,50,36.22,Debit Card,2024-09-15
3e41585f,27e9782e-5,Sports,421.0,10,378.9,Net Banking,2024-07-03
599dbf81,ab7ff487-1,Books,422.02,30,295.41,Debit Card,2024-06-07
7cb6d3eb,d5c83689-d,Toys,219.83,5,208.84,Credit Card,2024-10-13
73a54189,b7af74f2-2,Electronics,242.33,15,205.98,Net Banking,2024-05-10
13649191,4750a3de-4,Clothing,334.28,15,284.14,Cash on Delivery,2024-05-07
fea0052e,7b7268d8-6,Books,148.21,50,74.11,Net Banking,2024-08-22
a0968a8d,1f251a5e-3,Home & Kitchen,275.11,50,137.56,Net Banking,2024-08-25
cd1f4cd0,8e964181-6,Home & Kitchen,211.85,20,169.48,UPI,2024-05-28
82f860f7,5a8e414b-b,Sports,497.4,50,248.7,Debit Card,2024-08-08
51dacac1,65a4da6f-6,Beauty,368.74,5,350.3,UPI,2024-02-26
38a1e970,5a55a846-e,Home & Kitchen,260.82,0,260.82,Credit Card,2024-02-05
d0d5e3b0,7ce94426-b,Beauty,394.35,15,335.2,Net Banking,2024-03-06
4ff8266f,f391d9be-7,Home & Kitchen,459.03,20,367.22,Credit Card,2024-08-11
faff6ffa,cde121ac-d,Beauty,377.99,10,340.19,Debit Card,2024-07-26
8c3265d7,08562850-3,Sports,269.87,50,134.94,UPI,2024-08-06
8a00dc54,4263e65c-c,Beauty,458.8,50,229.4,Net Banking,2024-06-25
3d0aec60,43630740-4,Home & Kitchen,414.08,20,331.26,Net Banking,2024-04-03
4f231045,c3297364-0,Clothing,496.06,15,421.65,Debit Card,2024-10-20
72a44b20,4d7b33d6-4,Books,295.86,30,207.1,UPI,2024-10-29
c34605d2,16ee2335-1,Home & Kitchen,430.43,0,430.43,UPI,2024-10-02
f836adad,be9ec030-d,Sports,169.71,25,127.28,Credit Card,2024-07-08
aec17f43,6eaed388-2,Clothing,315.8,0,315.8,Net Banking,2024-11-20
f1cbd9ed,31de3bd2-f,Home & Kitchen,154.33,25,115.75,Credit Card,2024-08-04
7c8bf4b9,88870a57-4,Home & Kitchen,197.33,25,148.0,Credit Card,2024-08-22
a5cda6c8,df236be6-3,Toys,270.73,20,216.58,Net Banking,2024-08-06
c55dd505,0a074647-b,Home & Kitchen,261.23,20,208.98,Cash on Delivery,2024-11-13
f666dd75,88ef8a42-2,Home & Kitchen,334.87,50,167.44,Cash on Delivery,2024-11-14
c2eefc6e,a0e0a691-6,Beauty,266.2,0,266.2,UPI,2024-11-14
4b3752aa,8afa06d8-5,Home & Kitchen,169.53,50,84.77,Credit Card,2024-03-06
5984c518,cc75f240-f,Clothing,332.57,0,332.57,Net Banking,2024-02-18
ba0d460e,0cf80cb2-8,Toys,398.85,10,358.97,Debit Card,2024-09-23
e0f55269,6b4cb792-5,Home & Kitchen,180.6,0,180.6,UPI,2024-09-24
7bdff67a,eabbc369-2,Books,433.59,25,325.19,Debit Card,2024-01-14
10c31378,9883b500-1,Home & Kitchen,20.74,10,18.67,UPI,2024-09-01
e651377e,a8f16266-b,Electronics,17.01,30,11.91,Net Banking,2024-05-24
ba678df8,da23cfa7-8,Electronics,34.13,50,17.07,Cash on Delivery,2024-03-09
49a759a7,6998026b-c,Home & Kitchen,11.14,15,9.47,Credit Card,2024-03-19
abb2fa33,bf309230-0,Home & Kitchen,206.97,0,206.97,Net Banking,2024-10-25
a3b63775,f10370ff-5,Home & Kitchen,353.08,50,176.54,Credit Card,2024-08-23
1c816115,5fe989c9-0,Sports,67.36,25,50.52,Net Banking,2024-11-10
74ba5569,18a5e79d-9,Books,203.49,30,142.44,Net Banking,2024-04-30
e0a14854,8d0bdad7-4,Clothing,246.98,30,172.89,UPI,2024-05-11
171a2e71,928d77c4-3,Books,368.25,20,294.6,Credit Card,2024-11-16
c7cd48dd,f383159c-4,Books,327.19,20,261.75,Debit Card,2024-11-02
b7380b04,8d255132-b,Sports,274.65,20,219.72,Debit Card,2024-11-08
d799d699,2cbe2f6f-c,Electronics,369.15,0,369.15,Credit Card,2024-06-19
d374b1f9,9ea32af8-e,Clothing,84.26,5,80.05,Cash on Delivery,2024-10-16
e8492835,65ac8845-c,Books,255.74,25,191.81,UPI,2024-06-04
3efbfc39,93a8561e-7,Sports,440.74,30,308.52,Cash on Delivery,2024-09-11
b267883f,41fbbdbc-9,Electronics,316.84,25,237.63,Debit Card,2024-05-25
978ce91d,e2cdb444-c,Beauty,199.88,10,179.89,Net Banking,2024-01-20
4062921e,bcdf7628-1,Home & Kitchen,389.85,30,272.89,Net Banking,2024-07-20
2fb9f48b,1115a4cc-1,Sports,317.98,5,302.08,Credit Card,2024-07-23
aa744c61,a1d355b7-1,Home & Kitchen,165.06,30,115.54,Debit Card,2024-11-12
121bdf3e,a0354415-2,Books,192.48,15,163.61,Credit Card,2024-06-05
6894c5b0,96ef0dc9-6,Home & Kitchen,106.34,20,85.07,UPI,2024-04-11
152a3010,bc8f50c4-2,Electronics,404.92,50,202.46,Debit Card,2024-10-22
cc1c878a,8a124bf1-f,Toys,289.62,10,260.66,Net Banking,2024-07-28
02d317f1,7951f51e-0,Beauty,129.89,5,123.4,Debit Card,2024-04-21
4789f600,28cfa86a-5,Home & Kitchen,41.2,5,39.14,Net Banking,2024-07-15
f2e4ad50,612b78d4-f,Clothing,208.08,15,176.87,UPI,2024-11-15
b721c64b,b91ead40-7,Sports,114.84,20,91.87,Cash on Delivery,2024-06-17
30d3fca9,88c4fbee-6,Toys,430.16,20,344.13,UPI,2024-01-31
1e02db52,12e1e7b7-7,Sports,431.98,25,323.99,UPI,2024-01-06
ccdec6cd,743ba069-f,Home & Kitchen,472.77,20,378.22,Cash on Delivery,2024-03-29
72baa45f,4ee2c2d6-9,Sports,473.18,50,236.59,Debit Card,2024-10-24
f3498014,1c303802-d,Books,205.06,25,153.8,Cash on Delivery,2024-08-13
d4438986,fe1e6a78-9,Beauty,485.71,20,388.57,Credit Card,2024-06-07
b7ce73a5,3ba8563c-f,Sports,84.28,10,75.85,Cash on Delivery,2024-09-23
56c899ff,afda448a-a,Books,189.84,20,151.87,Credit Card,2024-03-08
8d6c950e,916025c8-f,Sports,366.4,15,311.44,Net Banking,2024-09-12
dcfc3adc,ece88ff7-0,Clothing,93.05,50,46.52,Cash on Delivery,2024-05-15
94ed2dce,9083e49d-7,Toys,398.16,5,378.25,Credit Card,2024-04-19
7341f194,c69635d9-f,Sports,326.51,20,261.21,Debit Card,2024-05-27
295a2e0b,23e7a67d-1,Toys,367.98,5,349.58,Credit Card,2024-02-11
480b55c6,7bbba576-7,Toys,424.14,50,212.07,Debit Card,2024-09-06
4bd29822,948a3b40-d,Clothing,359.51,30,251.66,UPI,2024-05-12
11d1ef2a,b6bfe4cb-f,Toys,187.2,25,140.4,Net Banking,2024-05-28
c6952c07,56f9b336-5,Home & Kitchen,232.12,5,220.51,UPI,2024-08-27
171c325f,ce4c61d2-d,Sports,236.78,25,177.59,Net Banking,2024-06-23
ed799954,d2f40c10-8,Sports,439.4,10,395.46,Cash on Delivery,2024-04-03
4e3e6bab,3d8c1bc0-8,Toys,133.33,5,126.66,Credit Card,2024-05-19
29b1dbdf,1bec4273-5,Beauty,199.31,5,189.34,UPI,2024-08-31
11692893,e570765e-b,Electronics,143.68,10,129.31,UPI,2024-08-02
6258f6d7,be05d6b5-2,Home & Kitchen,313.37,15,266.36,UPI,2024-07-28
ade66e84,06ea5adb-3,Electronics,311.05,30,217.73,Net Banking,2024-04-27
7bad321f,0d1765cc-2,Beauty,71.34,0,71.34,UPI,2024-09-10
cf78ab9a,23eca2e3-4,Books,354.11,0,354.11,Debit Card,2024-06-29
a1573efd,00bb902e-c,Books,163.91,10,147.52,Cash on Delivery,2024-09-22
8f87ab8c,c1cbbee6-d,Clothing,460.83,30,322.58,Cash on Delivery,2024-02-17
3be9cded,8730a0ee-7,Beauty,49.61,20,39.69,Credit Card,2024-04-17
c0895f76,9869b403-1,Clothing,325.51,15,276.68,Debit Card,2024-11-10
52d2c78c,7936a1cb-1,Books,394.16,10,354.74,Net Banking,2024-11-02
b53aa320,a49efe9f-9,Home & Kitchen,440.11,5,418.1,Debit Card,2024-09-19
fe747fa8,c0b10d64-7,Books,94.52,30,66.16,Cash on Delivery,2024-10-10
fab2b55b,474c66bf-3,Beauty,209.41,50,104.7,Net Banking,2024-10-31
4632f85b,312bc8fc-8,Toys,413.31,30,289.32,Net Banking,2024-03-07
c6781108,f048a4a2-5,Sports,205.82,5,195.53,Credit Card,2024-10-07
5bc7097b,118fb0b7-5,Home & Kitchen,110.73,30,77.51,Cash on Delivery,2024-11-21
e7dc9f25,36d0d0c8-a,Toys,432.1,5,410.5,Net Banking,2024-06-07
f8fec828,a1d11037-3,Sports,375.09,5,356.34,Debit Card,2024-10-26
a0b8e39d,5f7c41ee-8,Electronics,69.77,5,66.28,Debit Card,2024-06-17
81f9a928,148cb3f3-1,Beauty,430.96,15,366.32,Cash on Delivery,2024-09-10
91da6560,03855207-2,Home & Kitchen,429.69,30,300.78,Cash on Delivery,2024-02-07
26d5be1a,5409dd3e-8,Books,381.28,15,324.09,Cash on Delivery,2024-10-05
7bf93a72,fb807119-e,Toys,72.87,20,58.3,Debit Card,2024-02-14
32839723,a875d9c4-3,Beauty,37.67,25,28.25,UPI,2024-04-07
2c2500ea,c0b273c2-5,Books,485.0,15,412.25,Net Banking,2024-11-17
39d11da5,61c34d6b-7,Home & Kitchen,214.45,0,214.45,Credit Card,2024-04-14
70f75830,e7f6b561-2,Beauty,315.89,0,315.89,Cash on Delivery,2024-01-02
3066b9d4,e5e1cfb0-8,Books,211.67,50,105.83,Net Banking,2024-05-07
a35fe5e5,108aa207-b,Toys,490.75,30,343.52,Credit Card,2024-07-01
a3e73890,06a09e72-0,Toys,444.27,10,399.84,Cash on Delivery,2024-02-26
e3c4830d,d0b8fdbd-c,Sports,244.61,10,220.15,Net Banking,2024-08-23
186f1145,6a7a755f-3,Books,444.87,30,311.41,Credit Card,2024-03-09
a2dd035d,8fb4616e-1,Books,231.08,10,207.97,Debit Card,2024-01-31
b2de1538,211045d2-8,Beauty,32.39,20,25.91,Credit Card,2024-05-11
3b7c7e0d,19c38aae-f,Toys,260.74,5,247.7,Net Banking,2024-09-20
cab404e5,96cc2aff-a,Electronics,446.14,0,446.14,UPI,2024-01-03
c0b59a57,1f547b94-e,Beauty,144.56,10,130.1,UPI,2024-08-08
5a2835a0,38cc3695-2,Home & Kitchen,467.35,50,233.68,Debit Card,2024-07-11
68376ad1,0c216a89-c,Toys,71.02,50,35.51,Cash on Delivery,2024-11-17
e6b61602,8154e3b9-f,Sports,374.32,50,187.16,Cash on Delivery,2024-01-07
ed127a6a,9a063b15-b,Books,61.82,20,49.46,UPI,2024-01-21
cdce35a4,1c38c5f3-a,Home & Kitchen,214.64,20,171.71,Cash on Delivery,2024-08-05
b7ce1000,4743f61c-6,Books,220.76,15,187.65,Cash on Delivery,2024-03-14
4eada12f,f7dc5f39-8,Toys,204.56,0,204.56,UPI,2024-03-06
72033276,938a985a-3,Beauty,78.43,15,66.67,Net Banking,2024-08-24
d3e271bc,8423ce73-6,Home & Kitchen,132.48,20,105.98,UPI,2024-05-01
75f9ffb4,67788728-f,Books,334.55,5,317.82,Net Banking,2024-11-13
1ec3ff2a,f103ac45-1,Electronics,311.29,10,280.16,Debit Card,2024-10-12
9977a28d,2b5c6c6d-1,Electronics,70.49,15,59.92,Debit Card,2024-01-24
b622561c,adf77823-5,Electronics,243.69,50,121.84,Credit Card,2024-01-05
6f7f0073,1e180b5a-5,Clothing,74.67,20,59.74,Cash on Delivery,2024-05-21
0593db79,747539b8-3,Electronics,388.03,5,368.63,Net Banking,2024-07-07
6531579c,d037e5a2-4,Sports,28.12,0,28.12,Credit Card,2024-03-17
6c54fef2,5d6fed7e-c,Books,112.53,15,95.65,Credit Card,2024-06-12
b1a586a8,35303867-3,Books,439.81,15,373.84,Net Banking,2024-05-25
ed87a707,035b2887-1,Sports,220.37,20,176.3,UPI,2024-02-05
ae15cd88,409255b0-7,Home & Kitchen,314.16,30,219.91,UPI,2024-09-29
a87689fb,cb2df151-f,Clothing,438.97,10,395.07,Cash on Delivery,2024-10-18
d2cafe90,9e7e2170-8,Clothing,166.89,10,150.2,Debit Card,2024-01-09
43fbc7a3,952d56a9-b,Books,222.28,0,222.28,Cash on Delivery,2024-09-07
0a75e9da,c5cfe88d-5,Clothing,128.89,25,96.67,Net Banking,2024-06-24
1c74138b,e8999fe4-c,Beauty,65.88,30,46.12,Cash on Delivery,2024-10-12
f1733214,30884869-f,Beauty,31.93,15,27.14,Net Banking,2024-03-14
4c95d133,9c80171d-4,Home & Kitchen,18.79,50,9.39,Debit Card,2024-10-04
294af876,d09b26d9-0,Beauty,46.99,25,35.24,UPI,2024-03-10
249fb3ec,2b55fe4e-5,Beauty,293.28,30,205.3,Net Banking,2024-07-27
ab71021f,7bd70763-d,Sports,419.54,10,377.59,Cash on Delivery,2024-06-17
2bca9bc1,f6ac2fc8-b,Electronics,150.09,10,135.08,Debit Card,2024-02-13
4cc8d249,9837356f-2,Books,172.11,25,129.08,Net Banking,2024-07-01
1171aed4,fa178a1a-9,Books,440.57,5,418.54,UPI,2024-08-05
20951b9c,d0248426-8,Toys,121.31,15,103.11,UPI,2024-09-03
c4eb27aa,3e909d12-3,Electronics,481.88,15,409.6,Debit Card,2024-05-30
122abbd7,8783e6d7-9,Home & Kitchen,177.59,20,142.07,Credit Card,2024-05-17
bf16d78e,6c60ac1f-5,Electronics,443.05,30,310.13,Debit Card,2024-01-27
23d9f470,ce33c092-3,Electronics,235.33,50,117.67,Credit Card,2024-06-20
cc33391a,6917952b-a,Beauty,24.75,50,12.38,Net Banking,2024-01-14
f196dcc8,dd47ca5c-7,Electronics,470.9,10,423.81,UPI,2024-02-20
5c4cc9cd,dbdf1bd9-4,Books,237.27,0,237.27,Cash on Delivery,2024-11-13
6b76e9a1,affa909a-d,Books,151.72,5,144.13,Credit Card,2024-03-23
d9028424,b728a1fd-f,Books,27.88,50,13.94,Credit Card,2024-04-24
d6e84fa8,9290dba4-3,Sports,26.95,20,21.56,Debit Card,2024-03-08
3cce7ee7,35165fca-f,Sports,417.34,30,292.14,Debit Card,2024-02-17
2359eacf,f9b277b8-e,Clothing,207.54,10,186.79,Debit Card,2024-06-26
cea71fcf,6330d18c-c,Home & Kitchen,123.41,25,92.56,UPI,2024-05-05
aeb09719,cca83636-7,Sports,398.36,0,398.36,Debit Card,2024-03-26
afbfbe33,0e1a71b4-5,Sports,350.5,15,297.93,UPI,2024-01-12
8ee04e56,f75cd757-e,Books,459.93,0,459.93,Credit Card,2024-06-19
17ec5173,d7756866-3,Toys,324.93,25,243.7,Cash on Delivery,2024-02-29
4277aa34,8758e2a7-5,Toys,483.48,15,410.96,Cash on Delivery,2024-09-12
4a66b400,f6668874-4,Books,286.37,25,214.78,Debit Card,2024-03-18
b849ee82,99f4f73c-d,Sports,486.15,5,461.84,Net Banking,2024-06-25
d8adad87,34731d18-b,Clothing,44.29,0,44.29,Credit Card,2024-10-08
e3181955,9daf59d4-d,Sports,481.53,25,361.15,UPI,2024-08-21
b7b776d2,112725bd-9,Toys,404.07,15,343.46,UPI,2024-07-01
6707ca3f,5471b17a-5,Sports,63.31,20,50.65,UPI,2024-06-12
3421e7ba,4e770614-0,Electronics,254.31,0,254.31,UPI,2024-04-05
14a322ad,880eab94-7,Home & Kitchen,152.98,15,130.03,UPI,2024-06-18
c3a6ef65,a3a6c3c3-5,Electronics,199.16,15,169.29,Debit Card,2024-03-20
58e5b2b1,2029492d-a,Electronics,384.71,10,346.24,UPI,2024-03-08
913acac1,97aa2898-6,Toys,498.37,10,448.53,Credit Card,2024-06-23
d51c7bc1,1a75428d-6,Beauty,142.53,10,128.28,UPI,2024-10-07
531b6e08,741be484-3,Beauty,353.77,15,300.7,UPI,2024-02-05
36e2ff8c,6cc0fabb-0,Toys,38.68,5,36.75,UPI,2024-09-11
c98a91eb,edc90cdd-f,Electronics,34.3,10,30.87,Cash on Delivery,2024-11-12
d30c4698,49da2a6d-0,Sports,121.05,25,90.79,Cash on Delivery,2024-09-13
29782162,19694848-0,Sports,117.95,15,100.26,Credit Card,2024-01-14
fdb2b385,966d092f-4,Clothing,41.11,20,32.89,Debit Card,2024-11-12
833e59d2,e1fbcf04-4,Electronics,171.56,20,137.25,UPI,2024-07-26
8f46fab4,5ff948e9-e,Clothing,190.47,20,152.38,UPI,2024-04-11
f69c9130,37dd32b9-2,Toys,94.21,25,70.66,Net Banking,2024-04-06
c1edff29,f5929b23-f,Electronics,294.66,15,250.46,Net Banking,2024-10-19
741de2c1,f735c522-7,Home & Kitchen,262.15,15,222.83,Cash on Delivery,2024-01-14
c9c10b75,0bb347fc-8,Books,257.35,50,128.68,Credit Card,2024-11-13
02428050,385d5a98-5,Books,318.15,10,286.33,Credit Card,2024-03-17
cc0dfe20,1879476d-1,Sports,432.56,30,302.79,Debit Card,2024-05-17
32d535ae,60552b00-5,Books,386.32,10,347.69,UPI,2024-04-16
87bf4ca6,8dc77453-f,Toys,131.54,5,124.96,Net Banking,2024-11-09
24af6c3e,68175273-6,Clothing,32.29,0,32.29,UPI,2024-10-13
1828fb43,1716680b-f,Home & Kitchen,278.03,10,250.23,Credit Card,2024-02-14
65aaf4f4,61dc6cda-6,Beauty,381.05,10,342.94,Debit Card,2024-10-07
faf193a9,3b35362c-0,Toys,56.78,10,51.1,UPI,2024-03-11
c6a2892f,7321f69d-6,Sports,30.56,30,21.39,UPI,2024-06-02
4e432e36,70243117-d,Clothing,387.81,20,310.25,Cash on Delivery,2024-08-01
29421930,ec7ee1d8-c,Clothing,375.41,30,262.79,UPI,2024-02-27
85227829,9f0f06d3-3,Sports,183.1,5,173.94,Debit Card,2024-03-11
fcf06f0b,b1f1cec7-8,Electronics,278.54,15,236.76,Debit Card,2024-10-15
df90d7c9,fbcacc6c-d,Clothing,227.68,10,204.91,UPI,2024-09-16
3adf00f3,28c40ae3-e,Electronics,490.91,30,343.64,Net Banking,2024-08-02
27dd0710,9eeae0e2-6,Clothing,69.31,50,34.66,Net Banking,2024-09-23
500dfa44,b8c6b653-c,Beauty,31.12,50,15.56,Cash on Delivery,2024-08-16
c41750b6,538ed23f-d,Sports,225.59,25,169.19,Net Banking,2024-09-11
e6659f20,c612b025-d,Toys,328.31,10,295.48,Credit Card,2024-08-30
ea529ab7,5aff8eb0-a,Books,92.21,50,46.1,Cash on Delivery,2024-09-12
83bef224,0a6ec1de-5,Home & Kitchen,95.3,15,81.0,Net Banking,2024-03-21
f14cd9dc,4cf74eeb-1,Toys,467.24,0,467.24,UPI,2024-08-09
97d33649,66d31bcc-5,Sports,181.68,10,163.51,Debit Card,2024-02-21
0be6c0bb,86c443dc-d,Clothing,267.88,50,133.94,UPI,2024-07-16
09ed6fb4,e5071257-0,Electronics,138.46,0,138.46,Cash on Delivery,2024-05-22
898f9c6d,2d45fe93-4,Clothing,151.92,5,144.32,Credit Card,2024-06-12
116fecb8,1df471c0-6,Electronics,163.54,25,122.66,Debit Card,2024-03-03
594294be,ad05bd9b-3,Beauty,286.09,30,200.26,Net Banking,2024-06-05
ad1e2bd6,26feb22b-9,Beauty,209.89,30,146.92,UPI,2024-02-29
e45edb68,43084da7-3,Toys,454.14,10,408.73,Net Banking,2024-11-13
39c35fd6,d3ede683-9,Home & Kitchen,87.6,25,65.7,UPI,2024-05-16
3d958865,8b7d3acc-5,Beauty,223.73,30,156.61,Net Banking,2024-07-31
52ee67bc,c2358c11-c,Clothing,473.12,10,425.81,UPI,2024-11-11
00db7b85,5e1c0286-d,Clothing,474.63,5,450.9,Net Banking,2024-04-18
d4336610,6f5b3c27-7,Books,351.26,10,316.13,Credit Card,2024-11-20
18fa5e20,1e048fba-3,Clothing,412.47,15,350.6,Cash on Delivery,2024-08-07
c981b672,5e3bc580-6,Sports,221.39,20,177.11,Debit Card,2024-05-28
66ab38ee,b6c438b1-4,Clothing,47.18,0,47.18,Debit Card,2024-01-17
4f56d40d,6ff74b4d-7,Sports,363.37,50,181.69,Debit Card,2024-05-17
0f8a805d,513edd5b-a,Sports,116.06,0,116.06,Net Banking,2024-10-17
7d67e3f1,474e681a-a,Home & Kitchen,321.07,20,256.86,Cash on Delivery,2024-07-08
ab9fa9a3,1e7bf1fe-6,Books,485.4,20,388.32,Credit Card,2024-11-02
b428f6cc,f28cdd02-7,Clothing,129.71,25,97.28,Cash on Delivery,2024-05-18
a03eaa0c,38d8b02d-4,Clothing,481.63,20,385.3,Cash on Delivery,2024-05-06
6e2c9c02,6eac3727-8,Electronics,112.0,0,112.0,UPI,2024-06-12
5767f51e,db7d8ba8-a,Books,444.98,0,444.98,Cash on Delivery,2024-03-22
08f509e7,0e5c25e6-2,Beauty,226.97,25,170.23,Credit Card,2024-10-21
0c414eaf,5d6d3c17-6,Electronics,412.98,20,330.38,Debit Card,2024-10-06
f198455a,d0d702ad-8,Electronics,306.97,20,245.58,Credit Card,2024-03-07
c7060813,25ea4a1f-0,Books,479.52,15,407.59,UPI,2024-09-25
e235eaa8,7c4d897b-7,Sports,422.68,15,359.28,UPI,2024-02-02
bc022fce,7fe0ba98-f,Toys,450.51,30,315.36,UPI,2024-10-11
c6a1341f,fa1b70a0-d,Clothing,337.72,5,320.83,Credit Card,2024-05-26
1738af2a,dce9a48e-f,Clothing,355.43,25,266.57,UPI,2024-09-08
5390cbdf,933712e7-8,Sports,250.41,50,125.2,Debit Card,2024-01-13
371ace0c,37cadfa7-8,Beauty,258.08,25,193.56,Net Banking,2024-06-19
187108d8,27cdeb76-6,Sports,61.98,0,61.98,Credit Card,2024-01-17
66f00c2d,cfcc5fd6-b,Books,277.14,10,249.43,UPI,2024-07-15
376f737f,210a2d36-7,Electronics,181.62,50,90.81,Credit Card,2024-10-24
7679f01b,4c798c68-9,Beauty,101.29,15,86.1,UPI,2024-02-23
0513a984,e0f744c7-3,Sports,399.69,25,299.77,Cash on Delivery,2024-07-04
f4658b9f,f5819e74-0,Books,181.69,10,163.52,Debit Card,2024-02-09
9826f69a,37800a56-3,Clothing,138.51,15,117.73,Credit Card,2024-02-20
39b5a2a7,1a3aa7ac-9,Sports,360.88,30,252.62,Debit Card,2024-09-23
f720b9b7,6d05da53-3,Toys,152.43,20,121.94,Debit Card,2024-04-02
771ce878,2ea64143-d,Home & Kitchen,278.78,15,236.96,Debit Card,2024-01-13
f1807b8c,9a544065-a,Beauty,82.95,10,74.66,Credit Card,2024-06-23
c78d307b,28dd3466-1,Sports,83.31,5,79.14,Debit Card,2024-10-04
18571441,7438ea1f-c,Books,268.14,0,268.14,Debit Card,2024-06-02
4d7042f4,071b5966-3,Sports,489.42,50,244.71,Cash on Delivery,2024-08-20
52b9a923,1d4e9360-1,Home & Kitchen,210.4,0,210.4,Net Banking,2024-05-23
f40a9b6d,e5a12194-5,Books,99.23,20,79.38,UPI,2024-02-28
0e01eaf1,385838a7-e,Electronics,280.2,0,280.2,UPI,2024-07-28
5b662387,bb11a08f-4,Beauty,200.14,10,180.13,Credit Card,2024-11-06
c2b48c64,b22c4626-9,Home & Kitchen,388.45,15,330.18,Net Banking,2024-04-19
4ae01f60,2784b792-4,Electronics,429.43,50,214.72,Credit Card,2024-08-04
3696bfd0,c1e93299-2,Toys,348.15,15,295.93,Debit Card,2024-01-10
b5603d04,762221aa-3,Books,176.6,0,176.6,Credit Card,2024-03-12
1a80943e,389afb40-f,Beauty,228.74,0,228.74,UPI,2024-07-04
e14e962f,2830b16b-9,Home & Kitchen,302.97,15,257.52,Cash on Delivery,2024-07-09
2b3198dd,88733fae-e,Beauty,117.7,25,88.28,Net Banking,2024-08-11
8c24815e,67d80dfd-7,Clothing,219.19,25,164.39,UPI,2024-07-25
e6ee5109,381eab4a-d,Home & Kitchen,137.74,30,96.42,Cash on Delivery,2024-08-23
a1aad5f0,36fe6ac6-2,Beauty,436.86,5,415.02,Net Banking,2024-02-11
51d656fb,82b6cd96-6,Sports,269.89,20,215.91,Net Banking,2024-09-28
dc1a6629,a1f2b6dd-7,Sports,81.82,10,73.64,Net Banking,2024-06-05
fcb88b64,5dd58cd8-2,Books,353.61,20,282.89,Credit Card,2024-04-26
0410a28c,ed21c448-4,Toys,37.73,15,32.07,Net Banking,2024-04-27
b1851eeb,3eb56196-f,Books,215.34,5,204.57,Credit Card,2024-03-25
128c7985,c3890ccb-8,Toys,117.18,10,105.46,Debit Card,2024-03-07
da8e2fdc,4a8e60af-d,Beauty,451.22,5,428.66,Net Banking,2024-03-29
48f6819e,7bcd7ac9-6,Beauty,382.83,30,267.98,Cash on Delivery,2024-01-08
13fcb9dd,90a62e58-d,Sports,213.0,50,106.5,Net Banking,2024-01-08
db68c3eb,9e13e61e-c,Home & Kitchen,450.17,0,450.17,Credit Card,2024-03-21
71466805,d5ffce9f-3,Home & Kitchen,251.98,50,125.99,UPI,2024-07-31
1e5bd791,3bf1badc-6,Beauty,345.49,25,259.12,UPI,2024-03-27
7dd71ecb,8f8a84e9-8,Beauty,431.89,15,367.11,Net Banking,2024-02-03
3c8ad6d6,531124f2-0,Clothing,76.69,0,76.69,Debit Card,2024-07-02
e7267a38,4fb52521-f,Electronics,373.26,50,186.63,Credit Card,2024-02-12
33f0e5f8,ae353616-c,Books,26.71,30,18.7,Cash on Delivery,2024-06-05
9cb99a90,3eed3203-4,Electronics,191.54,0,191.54,Debit Card,2024-08-07
a69f0bc8,062f7492-d,Sports,473.96,25,355.47,UPI,2024-04-03
b1ae1119,c18f0916-4,Beauty,347.43,15,295.32,Net Banking,2024-05-22
eb5ebf37,1ff000e0-e,Clothing,200.63,5,190.6,Cash on Delivery,2024-03-31
116383a9,69e1b723-6,Home & Kitchen,47.45,25,35.59,Debit Card,2024-05-22
fe8a21d2,5e2b3419-a,Home & Kitchen,453.53,20,362.82,Debit Card,2024-04-05
81b75cf4,91b88773-5,Clothing,378.95,20,303.16,Credit Card,2024-11-21
b755ad6c,908a54b6-0,Sports,321.66,0,321.66,Credit Card,2024-05-08
e3fa60e2,27c745da-8,Home & Kitchen,429.78,5,408.29,Debit Card,2024-07-19
74d77f27,51f72692-9,Home & Kitchen,392.26,5,372.65,Net Banking,2024-01-16
a852ff82,d269fa86-d,Home & Kitchen,169.92,25,127.44,Net Banking,2024-04-30
a5464600,03e902b1-7,Beauty,344.08,30,240.86,Debit Card,2024-04-17
ee300046,a2075783-1,Books,119.61,50,59.8,Debit Card,2024-08-06
a49da7a4,507cfd45-3,Toys,304.02,15,258.42,Net Banking,2024-09-13
2e541d01,d530da77-3,Books,221.6,20,177.28,Credit Card,2024-03-10
6c22afc7,cddf766d-e,Clothing,371.72,15,315.96,Net Banking,2024-08-14
e4aa32a0,d78da125-0,Books,245.53,0,245.53,UPI,2024-04-12
09ca67b7,018f23ea-7,Home & Kitchen,435.73,50,217.87,Debit Card,2024-07-23
1672d24e,b121d823-9,Beauty,399.88,5,379.89,Cash on Delivery,2024-11-06
a4b13791,98898541-4,Clothing,471.77,15,401.0,UPI,2024-10-06
a8343047,919c0e4d-0,Electronics,451.25,30,315.88,Net Banking,2024-06-10
16424ec7,0e7f87e5-8,Toys,168.52,5,160.09,Net Banking,2024-04-03
ec4f4397,310c2d25-b,Home & Kitchen,272.8,30,190.96,Credit Card,2024-05-08
7c959ad5,73bb6de8-1,Electronics,153.13,5,145.47,Credit Card,2024-04-21
9cf50531,31dd646d-7,Clothing,244.73,50,122.36,UPI,2024-09-02
3aec426f,267985bd-2,Sports,74.64,30,52.25,Cash on Delivery,2024-11-17
1e6e48c2,b8455d97-7,Sports,204.33,10,183.9,Credit Card,2024-08-08
9328a910,7dcce976-1,Books,426.27,15,362.33,Cash on Delivery,2024-09-20
ecbb43d3,a7f3a36d-b,Electronics,369.36,10,332.42,Credit Card,2024-09-23
a577d4b8,f4193c4a-2,Electronics,384.61,0,384.61,UPI,2024-02-29
317bca3f,26c3c2aa-e,Clothing,203.19,20,162.55,UPI,2024-03-12
2efb6b7f,012b2dda-1,Electronics,394.31,20,315.45,Credit Card,2024-05-30
ed1ebaa0,52cdaea0-8,Beauty,135.22,25,101.41,UPI,2024-01-19
eb1911f4,3ba6780b-a,Toys,241.76,50,120.88,UPI,2024-01-15
260c8ec5,5024d38a-c,Toys,20.31,5,19.29,Net Banking,2024-06-05
a8fc85ce,4af5147b-4,Toys,236.62,20,189.3,Debit Card,2024-09-29
fb8277c8,3c7eedc9-a,Sports,250.72,0,250.72,Credit Card,2024-08-18
afacdc15,6280a914-4,Books,407.45,30,285.21,UPI,2024-04-23
06539e8b,5497ca0e-5,Electronics,436.95,10,393.25,Credit Card,2024-10-18
f6e5828e,3a6f86b9-b,Toys,292.37,50,146.19,Debit Card,2024-10-18
7da79df6,122394b2-e,Sports,63.8,0,63.8,Credit Card,2024-09-12
29db5c37,63b737b8-d,Sports,462.49,15,393.12,Cash on Delivery,2024-08-31
c8e51376,433fec78-f,Sports,122.14,5,116.03,Credit Card,2024-05-08
403ab1e9,4b94f455-e,Toys,430.8,50,215.4,UPI,2024-04-03
a458dc49,451dc78c-3,Books,245.54,15,208.71,Cash on Delivery,2024-09-17
aca0dcaf,c385a9e4-c,Toys,411.1,30,287.77,Cash on Delivery,2024-06-19
a31224b8,ce07178a-6,Clothing,152.62,50,76.31,Credit Card,2024-05-15
695fccc3,13cd0a57-0,Toys,141.24,50,70.62,Credit Card,2024-09-24
501b16d8,3d9f22df-f,Electronics,419.81,15,356.84,Credit Card,2024-04-09
7d7f6ad1,a0d2dea3-a,Clothing,389.67,0,389.67,Debit Card,2024-06-04
c814cdcc,56886e5d-7,Electronics,426.13,20,340.9,Credit Card,2024-04-05
c6b46864,6e4a33e0-e,Electronics,496.76,5,471.92,Cash on Delivery,2024-03-10
5a627202,5ec4a8b3-d,Electronics,109.99,15,93.49,Cash on Delivery,2024-06-18
63fef598,4a545c9f-8,Books,423.41,25,317.56,Cash on Delivery,2024-06-04
00d8ac27,f330657b-d,Home & Kitchen,59.42,20,47.54,UPI,2024-11-18
0b4f24e1,2fe1f2b3-b,Clothing,14.4,20,11.52,Debit Card,2024-05-21
59dce1d0,bef56996-5,Beauty,127.92,10,115.13,UPI,2024-08-26
d60ab6ad,84268f41-1,Sports,190.26,0,190.26,Debit Card,2024-01-15
d9a0217a,0f8b3bb7-8,Books,366.79,20,293.43,Cash on Delivery,2024-03-22
4720abd8,4396ccca-1,Home & Kitchen,238.92,25,179.19,Cash on Delivery,2024-11-12
c0e9ac8d,4b89d022-8,Books,105.61,10,95.05,Cash on Delivery,2024-07-13
a9fa4694,5afee66b-4,Beauty,251.84,5,239.25,Credit Card,2024-01-23
c19814f1,17c05cd0-c,Toys,482.78,30,337.95,Credit Card,2024-07-01
e7e2b27c,b0d69622-a,Toys,204.49,5,194.27,Debit Card,2024-02-24
f3b73afc,f73bf81c-f,Electronics,364.65,5,346.42,Credit Card,2024-02-22
8a3d2683,b3345786-8,Books,66.29,50,33.15,UPI,2024-09-16
fdc23ea4,4023a06e-7,Home & Kitchen,122.79,25,92.09,Debit Card,2024-01-09
753861d7,3f1caf62-f,Home & Kitchen,59.16,20,47.33,Cash on Delivery,2024-03-25
fe1668db,2ad69764-b,Toys,482.74,20,386.19,Cash on Delivery,2024-03-08
26dd0325,33850590-0,Toys,400.25,30,280.17,Credit Card,2024-07-07
abdb1e26,07fa6d99-0,Clothing,278.69,30,195.08,Credit Card,2024-10-14
86dbac6e,14161f4b-8,Books,446.45,5,424.13,UPI,2024-10-15
942598dd,33b219e4-0,Toys,77.79,10,70.01,UPI,2024-01-05
aa467976,89d4357f-0,Clothing,126.91,20,101.53,Debit Card,2024-09-07
c731ecdc,c6438a19-5,Toys,350.82,30,245.57,UPI,2024-05-29
9798d65d,0a454a94-f,Books,43.02,10,38.72,Net Banking,2024-01-18
cfc35694,fbe1be6d-3,Toys,416.29,25,312.22,UPI,2024-09-09
ae08fdb3,9d4429b3-b,Books,128.2,15,108.97,Debit Card,2024-09-30
9e064b40,912f767d-d,Toys,112.97,25,84.73,UPI,2024-11-02
4f2da9a6,4b585842-7,Toys,221.92,20,177.54,Debit Card,2024-08-21
19769f0e,c043a23a-d,Toys,356.78,20,285.42,Debit Card,2024-03-22
40fcae03,6698a03c-9,Sports,309.92,30,216.94,Net Banking,2024-08-22
afc39278,6e225e67-8,Books,400.63,30,280.44,UPI,2024-03-15
24315376,15b532b8-c,Books,377.55,50,188.78,UPI,2024-08-25
968fb1ae,f1aa4880-3,Beauty,382.33,15,324.98,Credit Card,2024-09-09
7c9152e1,e4733b2d-3,Beauty,215.61,15,183.27,Credit Card,2024-03-01
1bc7e890,88ac9198-a,Books,352.89,10,317.6,UPI,2024-02-02
5f605f60,ad95ddec-0,Clothing,403.98,15,343.38,Net Banking,2024-09-08
ad562a2f,2392c4a9-b,Beauty,19.44,15,16.52,Net Banking,2024-07-30
52a481f3,95d60434-e,Toys,422.63,50,211.31,UPI,2024-10-21
95f589a9,e9feb788-5,Toys,302.73,30,211.91,UPI,2024-05-24
f5e44697,0ca7d06c-9,Beauty,71.26,0,71.26,Credit Card,2024-09-03
1d146f4a,1d45530e-f,Books,332.89,0,332.89,Net Banking,2024-07-25
e4c02adc,33f24bca-a,Clothing,254.19,10,228.77,Credit Card,2024-07-29
5cf1d75f,3a2603ce-0,Beauty,436.15,30,305.3,UPI,2024-08-14
0353de5b,a8e54bbb-b,Toys,379.65,30,265.75,Credit Card,2024-11-04
399a95fc,c97eb78f-6,Toys,440.27,20,352.22,Cash on Delivery,2024-04-01
c5481eba,408988b0-2,Toys,358.89,0,358.89,Net Banking,2024-01-18
007d82ed,1d0dfece-f,Home & Kitchen,463.05,15,393.59,Debit Card,2024-04-06
ee84c4d8,ad413f74-7,Clothing,14.66,50,7.33,Credit Card,2024-05-15
f3431ec8,74232b1e-e,Clothing,374.15,10,336.74,Net Banking,2024-08-08
5b67f35f,f1612cb4-2,Beauty,330.67,15,281.07,Credit Card,2024-05-27
bec3ba15,1730de82-d,Books,367.14,5,348.78,Net Banking,2024-09-26
b3b50a4f,b99ff610-5,Electronics,96.93,50,48.47,Cash on Delivery,2024-08-15
7a1822f3,fd68f3df-7,Home & Kitchen,326.94,5,310.59,Net Banking,2024-09-26
19250ed7,68365458-0,Sports,133.61,10,120.25,Cash on Delivery,2024-01-06
6f5fd5f2,b1cac920-f,Electronics,319.29,50,159.65,UPI,2024-07-22
82036553,c4e06440-e,Home & Kitchen,473.16,30,331.21,Net Banking,2024-09-23
557f87a5,ceab308d-f,Electronics,261.33,30,182.93,Credit Card,2024-04-23
1b3596a1,fda392f9-d,Home & Kitchen,332.48,5,315.86,UPI,2024-09-17
7f9c9f2c,64049319-8,Clothing,180.06,5,171.06,Debit Card,2024-03-20
4fd21482,494800ef-2,Home & Kitchen,478.62,5,454.69,Cash on Delivery,2024-03-09
e8613d9e,2ac7fc27-9,Sports,391.77,30,274.24,UPI,2024-05-23
2753195e,2a34ede3-a,Beauty,194.6,50,97.3,UPI,2024-11-19
4aefa8a6,93f6ad6c-3,Electronics,145.56,50,72.78,Cash on Delivery,2024-02-20
d9b16d55,f6ffdeea-1,Toys,149.93,0,149.93,UPI,2024-02-10
6908d999,cbeb110c-d,Books,197.26,20,157.81,Cash on Delivery,2024-06-03
4be691f6,758e3cf5-d,Books,125.47,15,106.65,Cash on Delivery,2024-09-22
13d4dd27,c8304287-0,Sports,221.24,0,221.24,Net Banking,2024-01-04
155fe399,b3684052-7,Clothing,421.76,50,210.88,Credit Card,2024-03-21
8ebce110,f9c3cc85-b,Sports,342.6,20,274.08,Net Banking,2024-02-04
257af577,4d81096c-a,Beauty,380.5,25,285.38,UPI,2024-08-07
57dcfe4f,96a4eeb1-a,Electronics,435.45,0,435.45,Credit Card,2024-01-14
8c2e9d07,d45a02f8-3,Books,255.26,25,191.44,Net Banking,2024-11-03
b1466009,1ac7fcaa-4,Sports,142.92,25,107.19,Net Banking,2024-08-24
449c33f0,0ae87429-2,Electronics,203.54,25,152.66,UPI,2024-03-12
48091eea,8baecb87-6,Electronics,71.16,0,71.16,Net Banking,2024-08-01
b857395f,56534cf5-a,Books,484.89,20,387.91,Credit Card,2024-05-01
cd23f9b3,891369e6-3,Home & Kitchen,431.84,10,388.66,Credit Card,2024-07-18
50483cad,1859fc40-2,Books,236.16,15,200.74,Net Banking,2024-02-29
2a238fbc,eb398faf-6,Electronics,319.55,25,239.66,UPI,2024-09-21
dc5e478b,4da1fb5d-d,Clothing,132.67,15,112.77,Cash on Delivery,2024-10-20
b24bd3b7,dfc784ec-d,Toys,112.35,5,106.73,Credit Card,2024-02-22
26503871,69843943-b,Books,170.5,10,153.45,Cash on Delivery,2024-10-22
065012c5,a4353860-7,Electronics,287.69,10,258.92,UPI,2024-02-13
d312906a,11d34f7e-2,Toys,216.75,0,216.75,UPI,2024-05-28
5136adde,df7930b9-d,Electronics,37.79,10,34.01,Net Banking,2024-05-08
d0e8803c,4ac6af27-a,Books,100.23,50,50.12,Net Banking,2024-05-31
1962082e,273017e8-2,Beauty,453.66,0,453.66,Cash on Delivery,2024-07-29
b753077b,93235dc9-9,Toys,401.54,10,361.39,Debit Card,2024-09-14
8ce64055,37a661c4-a,Beauty,442.41,15,376.05,Debit Card,2024-03-19
101938a5,c4f71922-a,Electronics,224.56,50,112.28,Cash on Delivery,2024-10-19
292307da,e740000e-2,Clothing,435.97,15,370.57,UPI,2024-08-18
b805a15f,35efff39-b,Electronics,398.25,15,338.51,Net Banking,2024-04-05
fbef474d,63c30b65-a,Toys,262.8,0,262.8,Credit Card,2024-03-18
dcaca6db,06fff043-4,Home & Kitchen,257.67,0,257.67,Debit Card,2024-11-04
7a7d8d61,eba5c94a-6,Toys,410.07,50,205.03,Cash on Delivery,2024-09-05
34e04e99,39c7b618-6,Toys,51.33,20,41.06,Credit Card,2024-09-08
b2eb65f3,76ca9c3c-c,Beauty,28.77,10,25.89,Debit Card,2024-09-06
861f12bb,268b335a-8,Clothing,130.27,20,104.22,Cash on Delivery,2024-04-18
f1c5f192,8164e79d-1,Beauty,113.72,50,56.86,UPI,2024-11-01
de8c7e00,a2f99d43-c,Beauty,306.77,50,153.38,Net Banking,2024-06-01
79b8569c,d36a344e-f,Home & Kitchen,68.53,0,68.53,Debit Card,2024-10-21
a5ed8855,92411baa-e,Electronics,186.96,20,149.57,Credit Card,2024-08-06
c2f278b8,ed268cfc-4,Sports,496.79,5,471.95,Credit Card,2024-05-10
f9e89622,6390f2ea-8,Books,479.63,0,479.63,UPI,2024-04-12
c9aee337,7cbf22f9-2,Sports,235.86,20,188.69,Net Banking,2024-10-31
eb72f968,85842870-7,Beauty,74.55,30,52.18,Cash on Delivery,2024-07-23
6e91de44,28ca7dce-f,Home & Kitchen,269.25,30,188.47,UPI,2024-10-09
f581d1f7,30ff2cd8-5,Books,66.37,25,49.78,Cash on Delivery,2024-09-09
a9f8e515,579ede7a-c,Toys,122.84,5,116.7,UPI,2024-04-26
bb542976,b6add811-e,Electronics,209.68,5,199.2,Cash on Delivery,2024-04-28
028809d1,e59dd1ef-7,Home & Kitchen,243.62,20,194.9,Credit Card,2024-07-13
8b660196,594121e8-4,Sports,421.25,25,315.94,Cash on Delivery,2024-04-16
5516b600,4aa17ee2-e,Beauty,281.6,50,140.8,Net Banking,2024-04-29
77c9aa5b,d001ebc6-5,Clothing,355.16,10,319.64,UPI,2024-04-28
d1dd56ce,f474b729-5,Clothing,172.78,5,164.14,Debit Card,2024-06-01
8b67d82f,0412d7ff-f,Electronics,96.27,30,67.39,Credit Card,2024-09-23
55ade9bd,41f528fa-5,Sports,286.09,10,257.48,Cash on Delivery,2024-09-12
70536778,ef18627c-6,Home & Kitchen,407.47,30,285.23,Credit Card,2024-10-05
98cb1265,8029a89d-b,Clothing,230.18,10,207.16,Net Banking,2024-10-26
db0be3ef,158fd3b5-2,Home & Kitchen,473.05,50,236.53,Net Banking,2024-08-23
b4fffe29,a52fdf17-b,Clothing,126.42,5,120.1,Net Banking,2024-01-31
9f8bb54c,ad642b46-7,Electronics,357.02,5,339.17,Credit Card,2024-02-11
03aa0d65,dbebaa55-4,Home & Kitchen,114.6,5,108.87,Cash on Delivery,2024-10-26
2589f4a9,e1afb191-5,Beauty,483.93,50,241.97,Debit Card,2024-09-10
dbea38e1,1fe67292-0,Electronics,410.02,30,287.01,Net Banking,2024-03-29
f6207bb8,793480ee-d,Home & Kitchen,39.29,15,33.4,Credit Card,2024-09-22
20603af4,3b3acd49-f,Home & Kitchen,143.25,20,114.6,UPI,2024-07-15
222d2020,c5a964e5-1,Sports,487.54,50,243.77,Net Banking,2024-04-14
1f5cc3ae,0c4145bc-8,Toys,84.34,50,42.17,Net Banking,2024-08-20
86b387f6,98eb0ae1-e,Electronics,83.69,10,75.32,UPI,2024-05-05
7b339542,32f4abf1-e,Electronics,412.56,50,206.28,Net Banking,2024-06-16
b1b2edb7,ac13377e-b,Toys,83.48,50,41.74,Net Banking,2024-03-04
c6d36874,46b7b3a3-0,Clothing,422.69,20,338.15,Net Banking,2024-04-28
fb1b3d3f,df1e3f0d-5,Toys,110.52,20,88.42,Credit Card,2024-10-04
a3ffda9b,347bc94b-6,Electronics,307.25,10,276.53,Cash on Delivery,2024-10-23
e47fbc15,176b24ce-d,Books,83.16,0,83.16,Net Banking,2024-04-24
48d6fb7f,bc2a8a1a-0,Beauty,33.33,10,30.0,Credit Card,2024-11-17
c9aec1e2,1587d0c4-b,Books,96.23,20,76.98,Debit Card,2024-07-19
52a3c1ff,2a339668-e,Clothing,246.49,15,209.52,UPI,2024-08-28
3937299c,afd38630-0,Books,414.86,50,207.43,Net Banking,2024-04-24
d8d9cf8b,33d1d69e-5,Electronics,87.2,5,82.84,UPI,2024-10-15
8d992fcd,d86c4787-2,Electronics,15.67,5,14.89,Net Banking,2024-01-10
eccbc70c,c8ee38d3-1,Beauty,396.59,15,337.1,Debit Card,2024-05-17
e1e7e360,380bf7e8-2,Books,64.47,15,54.8,Net Banking,2024-09-18
af47fc4e,a7e4d8b4-9,Books,364.19,10,327.77,Net Banking,2024-05-01
03eadaf0,74a43ff7-2,Beauty,265.86,15,225.98,Net Banking,2024-10-14
a61e1a8f,4cc35f1a-1,Clothing,202.03,25,151.52,Net Banking,2024-08-19
9c7914f5,7c011ded-7,Toys,340.26,5,323.25,Net Banking,2024-01-09
e452c507,a6326e35-d,Clothing,84.13,30,58.89,Credit Card,2024-04-27
b90a8b2c,05c97ccd-6,Home & Kitchen,72.96,5,69.31,Credit Card,2024-08-27
acba07dd,e10f1782-1,Home & Kitchen,412.27,20,329.82,UPI,2024-08-21
dbf58ab7,90ea4fe6-d,Electronics,16.08,30,11.26,Credit Card,2024-03-15
83976e33,b7e948d3-5,Beauty,13.43,10,12.09,Credit Card,2024-03-31
7ab838a2,7f6906b4-0,Sports,375.79,30,263.05,Cash on Delivery,2024-04-05
ac98d8ba,a8594906-d,Books,184.8,30,129.36,Debit Card,2024-10-01
d7c5fdbb,bea3dc50-a,Toys,15.56,10,14.0,Debit Card,2024-01-24
1a6c5c08,a6166130-b,Sports,197.79,30,138.45,UPI,2024-02-18
d817723a,581a41f1-b,Books,175.77,25,131.83,Credit Card,2024-05-13
88c35a80,b28c2240-7,Beauty,174.56,0,174.56,Credit Card,2024-09-24
e6e322f8,6f0fcbd8-e,Beauty,279.38,20,223.5,Net Banking,2024-02-24
d0138d14,e101ab76-7,Clothing,129.52,25,97.14,Cash on Delivery,2024-11-08
9ea9ff00,2c1cd7b8-c,Clothing,125.93,20,100.74,Net Banking,2024-06-14
e733dc52,57b27e03-4,Books,78.34,25,58.76,Net Banking,2024-06-09
d7329afe,eb0596ff-1,Sports,23.85,20,19.08,Cash on Delivery,2024-10-10
c0811288,4913cc97-2,Home & Kitchen,209.44,15,178.02,Credit Card,2024-02-21
7c5e50fe,bb6469a8-e,Electronics,291.97,15,248.17,Debit Card,2024-02-06
29b3c37a,fda470b8-1,Electronics,401.11,5,381.05,Net Banking,2024-08-29
f8d08b85,0b4350eb-5,Books,335.49,0,335.49,Net Banking,2024-09-18
36848d01,d8f3686a-3,Clothing,58.24,50,29.12,Credit Card,2024-01-07
b96be743,30b35209-e,Toys,164.37,30,115.06,Net Banking,2024-02-18
9f5fd63c,c29aa4a8-f,Beauty,99.36,5,94.39,Net Banking,2024-08-16
812fe840,5e9900af-f,Sports,351.99,10,316.79,Net Banking,2024-09-17
d42bcbcb,676d7645-b,Books,365.39,5,347.12,Credit Card,2024-07-15
52516742,ba8a075e-b,Toys,12.32,10,11.09,Cash on Delivery,2024-01-22
27e9dd51,a9cf9e47-1,Sports,355.88,5,338.09,UPI,2024-01-22
5e956744,84478b2a-7,Beauty,462.7,15,393.29,Debit Card,2024-09-25
8a35a896,f3fa141b-a,Clothing,308.66,5,293.23,UPI,2024-10-25
3c499277,3316625a-a,Sports,155.2,30,108.64,Credit Card,2024-05-03
799f099f,329af66f-e,Beauty,143.63,25,107.72,Debit Card,2024-01-16
9aec0029,efd0a0a2-6,Clothing,23.78,5,22.59,Net Banking,2024-04-29
45ae61a8,d474e7e9-2,Electronics,365.38,50,182.69,UPI,2024-08-02
7ced0b56,4b0562d6-6,Sports,156.89,50,78.44,UPI,2024-08-02
47a50dbd,2ab12e1b-6,Books,429.37,50,214.69,Credit Card,2024-10-31
01c083f3,ef5c107c-f,Home & Kitchen,197.66,15,168.01,UPI,2024-10-04
e077268b,0bb5397d-8,Beauty,167.31,20,133.85,Cash on Delivery,2024-01-10
470c391e,868803c9-8,Toys,494.3,20,395.44,Cash on Delivery,2024-01-12
451cdc5b,f6a07190-8,Home & Kitchen,115.09,10,103.58,Debit Card,2024-08-16
a48689fb,51393037-0,Sports,140.42,0,140.42,Cash on Delivery,2024-05-28
8f4a3a26,4c529cb5-6,Home & Kitchen,263.55,50,131.78,Debit Card,2024-11-10
3f62d926,581977ad-e,Home & Kitchen,23.62,15,20.08,UPI,2024-04-22
f7cd3439,05a68613-e,Clothing,181.26,50,90.63,Cash on Delivery,2024-06-26
1699a74b,38210005-e,Books,389.82,25,292.37,UPI,2024-08-25
784fd769,a1ca6a6d-5,Sports,347.3,0,347.3,UPI,2024-07-10
a6c5b4a7,7b2f61cf-4,Books,73.29,0,73.29,UPI,2024-09-01
8e379422,468994c4-8,Electronics,308.09,0,308.09,Credit Card,2024-03-11
7fc7c936,7cb9f116-e,Clothing,341.04,10,306.94,Debit Card,2024-01-10
1c98d9cb,9bba74d0-a,Clothing,268.87,10,241.98,Debit Card,2024-09-09
4e6186ba,1d561c87-f,Electronics,30.54,25,22.91,Debit Card,2024-05-04
2e1fecb3,3b16bf75-a,Toys,326.97,20,261.58,Credit Card,2024-05-24
96af0aa4,aa8da6fc-a,Sports,143.47,25,107.6,Debit Card,2024-06-07
99caeb2a,576781f7-3,Books,243.15,50,121.58,Debit Card,2024-10-15
48d36506,6eb3c1f2-9,Home & Kitchen,422.47,15,359.1,Debit Card,2024-10-27
577a37c4,17546bcb-2,Books,243.06,10,218.75,UPI,2024-08-03
bba4c3f8,bb5744d0-b,Home & Kitchen,179.92,25,134.94,Net Banking,2024-01-07
8814e19d,f254b403-8,Books,95.75,5,90.96,UPI,2024-05-10
e08353ad,842dd0ce-5,Electronics,398.4,10,358.56,Debit Card,2024-06-10
6e583aa2,8300126f-c,Toys,447.35,0,447.35,Net Banking,2024-05-13
cd315692,2a4a8474-e,Home & Kitchen,481.84,5,457.75,UPI,2024-08-29
f01ebb7e,524bb820-b,Toys,112.69,15,95.79,Credit Card,2024-03-13
db220edd,d9daf14f-5,Electronics,466.59,50,233.29,Net Banking,2024-04-19
d4184040,68912f50-f,Toys,37.83,5,35.94,Credit Card,2024-10-12
60b3a0d1,95991863-9,Beauty,197.76,0,197.76,Debit Card,2024-10-28
077651c7,fb79fc41-8,Sports,308.9,30,216.23,Cash on Delivery,2024-04-14
7ce9d2ad,203a42f4-5,Home & Kitchen,169.15,0,169.15,Debit Card,2024-03-17
b9fba9b9,c42c9409-d,Sports,220.98,30,154.69,Net Banking,2024-05-23
82dd0dcb,0c0daeec-a,Home & Kitchen,218.58,5,207.65,Debit Card,2024-08-06
ac83afcb,84d390d3-6,Clothing,259.42,20,207.54,Cash on Delivery,2024-04-05
20838914,118c14a6-4,Toys,369.33,5,350.86,UPI,2024-06-30
2d4ac994,1a38d99a-4,Electronics,424.82,50,212.41,Cash on Delivery,2024-01-31
b4f1a440,f5f63eca-8,Sports,426.82,20,341.46,Credit Card,2024-03-29
50d80b4e,ef1c4943-2,Clothing,50.89,20,40.71,Credit Card,2024-06-20
ca8ce9be,b2240a4c-f,Toys,362.6,20,290.08,Cash on Delivery,2024-05-17
2ce28bf9,5284add4-d,Clothing,150.55,25,112.91,Cash on Delivery,2024-01-15
2d6ba8ae,9150cb0b-4,Beauty,48.18,50,24.09,Cash on Delivery,2024-10-01
e4637540,13ac4c2d-9,Beauty,138.64,20,110.91,Credit Card,2024-10-08
40d1379a,6acf0b33-c,Electronics,274.22,25,205.67,Net Banking,2024-03-19
23921511,d13af207-3,Beauty,327.53,30,229.27,Credit Card,2024-02-01
c1022ceb,6087024c-4,Clothing,477.1,15,405.54,Cash on Delivery,2024-11-16
dfa876d1,4361fa36-a,Beauty,213.97,50,106.98,UPI,2024-10-25
268cf1de,cb7f85a2-c,Sports,305.91,20,244.73,Debit Card,2024-09-11
cf9beee8,d1231bbf-f,Books,109.77,10,98.79,Credit Card,2024-11-16
ac0a5a11,ac5c0b1b-5,Beauty,42.93,0,42.93,UPI,2024-11-04
9e6874ab,e3fbbb68-6,Books,387.69,25,290.77,Net Banking,2024-09-19
68dfdbfb,1b1beeb3-3,Sports,64.68,30,45.28,Credit Card,2024-07-14
f747c9ed,e2579884-9,Home & Kitchen,55.0,15,46.75,UPI,2024-10-11
c640c4ac,7c632a2e-c,Toys,261.36,10,235.22,Credit Card,2024-07-23
e5a5e18d,3fffb302-7,Home & Kitchen,415.54,10,373.99,Cash on Delivery,2024-03-05
6839399d,0d81cb5b-8,Sports,291.5,25,218.62,Net Banking,2024-08-18
4e4016fc,887204fc-0,Books,56.4,5,53.58,Debit Card,2024-08-30
1117a729,166a45a2-c,Toys,63.96,5,60.76,UPI,2024-09-15
3c3c8f20,567355fa-3,Home & Kitchen,246.62,0,246.62,Debit Card,2024-05-31
e207d13a,2d4ef699-f,Books,61.7,5,58.62,UPI,2024-02-24
77809d5c,5e93104b-a,Books,434.51,15,369.33,Credit Card,2024-07-15
3b12089e,00fcb9c0-8,Clothing,350.78,10,315.7,Debit Card,2024-06-24
22b16d50,ec4cfda5-5,Books,137.81,10,124.03,Debit Card,2024-10-27
fdadd527,cc021b5e-8,Beauty,18.74,5,17.8,Debit Card,2024-09-19
31c5ddc8,10e8a4f7-b,Toys,457.22,5,434.36,Net Banking,2024-10-02
46ce5341,2c91e42a-6,Toys,233.57,0,233.57,Cash on Delivery,2024-08-18
8db52810,5978f0ff-1,Electronics,136.96,25,102.72,UPI,2024-10-31
b370acb7,7e336240-1,Clothing,440.6,25,330.45,UPI,2024-05-02
25a0d325,e526dc06-e,Electronics,267.99,5,254.59,Cash on Delivery,2024-11-03
b505dce0,6d1515e6-3,Beauty,80.57,25,60.43,Net Banking,2024-04-28
ffb59cb8,22678cd9-e,Sports,417.36,0,417.36,Cash on Delivery,2024-02-14
125e7014,9aaae28d-d,Electronics,294.52,10,265.07,Net Banking,2024-01-24
3bb0a7a9,6cfb4a90-6,Sports,375.0,20,300.0,UPI,2024-03-03
060cf692,fa76eccc-7,Sports,60.63,25,45.47,UPI,2024-03-21
00812bf1,c0d8e8ab-4,Clothing,214.26,10,192.83,Cash on Delivery,2024-01-24
bebeda1a,84b8e40f-6,Home & Kitchen,131.08,50,65.54,Net Banking,2024-04-22
661c6fad,a123f1a2-e,Clothing,395.41,10,355.87,Cash on Delivery,2024-08-13
c7fbbb37,bc32e509-c,Electronics,477.0,25,357.75,Credit Card,2024-07-29
22d2eefa,cacf1f1e-3,Electronics,314.34,50,157.17,Credit Card,2024-03-12
9d02cd04,0c58c336-9,Clothing,232.51,20,186.01,Debit Card,2024-02-15
315b7094,5c0ef37f-2,Books,306.61,20,245.29,Net Banking,2024-05-03
efaf3f1e,a4399143-2,Beauty,271.74,30,190.22,Cash on Delivery,2024-03-23
14a4d873,7ba3966b-5,Sports,363.52,30,254.46,Net Banking,2024-02-08
c44db413,e1224f77-9,Electronics,304.33,50,152.16,Credit Card,2024-01-01
288cd987,4f25c1c1-a,Beauty,403.2,10,362.88,Debit Card,2024-01-20
82db2175,30571c6b-a,Electronics,317.23,30,222.06,UPI,2024-06-19
038db720,e7b4c53e-1,Home & Kitchen,325.63,50,162.81,Debit Card,2024-04-14
c502b838,ad74ed86-b,Electronics,443.94,5,421.74,Cash on Delivery,2024-05-11
c0f8e7f5,7fdb1426-8,Books,105.16,5,99.9,Net Banking,2024-08-27
aa91713c,26488257-8,Home & Kitchen,95.11,20,76.09,Cash on Delivery,2024-09-21
b914b76f,0ab77e86-e,Toys,231.11,20,184.89,UPI,2024-11-13
48cd8d57,9d8e1e52-1,Home & Kitchen,89.92,50,44.96,Net Banking,2024-01-23
495bd9f4,1d77c7af-3,Home & Kitchen,293.2,50,146.6,Net Banking,2024-02-16
f33c5a33,4116b831-2,Electronics,171.28,30,119.9,Debit Card,2024-10-30
b17a752f,f0ed22c9-3,Beauty,476.57,5,452.74,Credit Card,2024-09-23
e54968ff,b82fe130-6,Sports,323.84,30,226.69,Debit Card,2024-02-16
cdeb4b21,1f12847c-d,Sports,430.99,30,301.69,Credit Card,2024-07-15
0a89bdec,53b4de6e-9,Home & Kitchen,74.43,15,63.27,Cash on Delivery,2024-02-27
c729f44a,dc45d710-7,Clothing,390.11,0,390.11,Net Banking,2024-03-24
b74485f8,abd19d27-0,Beauty,311.55,25,233.66,Credit Card,2024-01-07
a687c77e,b709f015-d,Toys,136.17,10,122.55,Net Banking,2024-06-15
0c36392d,1856f48e-9,Beauty,290.57,5,276.04,Cash on Delivery,2024-11-06
c4486290,30c6766f-3,Beauty,465.37,50,232.69,Credit Card,2024-09-04
4fdb0ac1,e5167a38-0,Home & Kitchen,98.93,0,98.93,UPI,2024-10-30
81c869a4,39394899-d,Sports,468.2,10,421.38,Credit Card,2024-11-09
d0d5cc3f,c5b6f5f8-7,Books,146.93,20,117.54,Debit Card,2024-10-10
543db6cb,047680b7-4,Toys,481.22,5,457.16,Debit Card,2024-11-05
45f3661b,962ce4b9-9,Home & Kitchen,51.83,50,25.91,Debit Card,2024-10-11
a495b1c7,38515136-8,Books,221.27,30,154.89,Cash on Delivery,2024-08-09
514c5365,f8a7b3cb-a,Clothing,39.97,20,31.98,Cash on Delivery,2024-06-11
e0d4ca51,1cb6afbc-4,Beauty,219.61,15,186.67,Net Banking,2024-03-20
927e4946,326dc1f5-9,Sports,153.68,25,115.26,UPI,2024-07-21
b153ddb0,2c0caa2e-4,Clothing,393.56,25,295.17,Net Banking,2024-07-21
6e218819,bade74aa-4,Clothing,27.49,20,21.99,Net Banking,2024-05-02
90c1895c,e797ba11-c,Home & Kitchen,279.28,5,265.32,Credit Card,2024-06-02
dd8674d1,9a56685d-c,Electronics,77.45,20,61.96,Cash on Delivery,2024-05-14
5930f5c1,8dff29eb-7,Sports,226.49,10,203.84,Debit Card,2024-10-04
6fc35e9b,0a39406a-e,Beauty,111.14,0,111.14,Cash on Delivery,2024-03-28
41ea1235,21918b6b-3,Sports,323.64,50,161.82,Debit Card,2024-02-05
932cdbdb,52f65655-f,Books,235.75,20,188.6,Cash on Delivery,2024-08-08
e1310511,cad3fdda-e,Home & Kitchen,40.1,5,38.09,Cash on Delivery,2024-01-04
574e5f84,183ca096-f,Home & Kitchen,379.07,20,303.26,Net Banking,2024-10-03
7fb26e2e,6b5e75a3-9,Electronics,25.28,5,24.02,Net Banking,2024-08-30
a03903f5,3ed75263-6,Toys,340.18,20,272.14,Cash on Delivery,2024-02-05
8c8a9c64,284503ec-c,Home & Kitchen,10.37,5,9.85,Credit Card,2024-10-16
257a8ce9,41e93c18-6,Clothing,334.28,30,234.0,Credit Card,2024-03-07
2fb02560,e8883132-5,Beauty,160.13,15,136.11,UPI,2024-01-27
de1d3a1e,3a7449b5-2,Sports,223.01,25,167.26,UPI,2024-09-10
3b240cf4,a9f02f8c-1,Clothing,330.76,10,297.68,Debit Card,2024-11-11
55f14e41,620721a3-e,Sports,345.47,25,259.1,Cash on Delivery,2024-01-29
99e8f646,0dc1a84f-d,Books,404.19,15,343.56,Net Banking,2024-02-28
1d2c993f,d332a849-4,Clothing,328.44,10,295.6,Credit Card,2024-09-28
8487fbc7,60fcaed7-7,Books,152.84,5,145.2,Cash on Delivery,2024-04-25
793fa422,a0441877-3,Sports,353.96,10,318.56,Cash on Delivery,2024-05-31
d4104c7b,cc8b1c23-2,Clothing,151.55,10,136.4,Net Banking,2024-11-13
8b100551,f2c895cb-2,Clothing,412.92,50,206.46,Cash on Delivery,2024-03-07
c292a2d7,598596a4-7,Clothing,326.52,10,293.87,Cash on Delivery,2024-03-02
129e1ecd,86885061-1,Electronics,198.45,25,148.84,Cash on Delivery,2024-05-23
83ec11b2,9bf78c9a-3,Electronics,132.31,10,119.08,Credit Card,2024-10-18
f94d89b9,e54a25c2-4,Electronics,359.46,50,179.73,Debit Card,2024-02-23
6ac71d68,cf29c7a3-8,Books,466.36,25,349.77,UPI,2024-09-13
a6c1a28f,c6347235-0,Beauty,368.62,25,276.47,Debit Card,2024-03-20
03632dc7,3c9a3ef2-d,Home & Kitchen,374.41,20,299.53,Debit Card,2024-06-27
180900bc,1f31c5f9-6,Electronics,408.46,50,204.23,UPI,2024-10-30
473dac31,95199ded-8,Toys,252.68,0,252.68,UPI,2024-08-13
e878819f,9463ea85-8,Books,302.72,50,151.36,UPI,2024-10-07
247db661,4efbd6fd-1,Electronics,335.31,25,251.48,Net Banking,2024-09-13
8a55e87c,fb219753-e,Books,253.05,20,202.44,Net Banking,2024-05-19
bc1ed9fe,d1391498-e,Sports,482.4,50,241.2,Debit Card,2024-04-07
925cb565,c95968a6-3,Beauty,384.44,10,346.0,UPI,2024-09-16
54f1cc93,63955182-b,Toys,340.43,30,238.3,Cash on Delivery,2024-06-01
8051cd77,c9b146c9-5,Toys,323.46,10,291.11,Debit Card,2024-07-03
8a161e0a,a1878150-1,Clothing,495.35,30,346.75,Debit Card,2024-05-15
ae7b7c68,fde754b4-1,Toys,422.7,0,422.7,Debit Card,2024-09-20
f648e9e7,090337cd-a,Books,183.06,30,128.14,Cash on Delivery,2024-08-11
f508691b,ac287cf7-1,Sports,439.67,50,219.84,Debit Card,2024-05-14
30eccf94,18c52147-6,Electronics,40.86,30,28.6,Credit Card,2024-07-21
616c7917,75aef9df-6,Books,131.99,50,66.0,UPI,2024-09-26
cfe50543,cc0cd40a-a,Clothing,264.43,0,264.43,UPI,2024-02-11
fd4c3384,2cfa9ec7-0,Sports,152.63,30,106.84,Debit Card,2024-07-16
3b05ed95,f9ab318b-7,Toys,435.67,0,435.67,Debit Card,2024-11-05
afc46410,9a5add4e-2,Books,458.34,0,458.34,UPI,2024-10-21
d8e74ba4,a5155b7e-c,Electronics,201.3,5,191.24,Net Banking,2024-03-19
aaab560b,c8124e78-4,Toys,221.53,30,155.07,UPI,2024-10-16
117c47ed,5c0b6596-f,Sports,475.5,10,427.95,Cash on Delivery,2024-11-07
7c62af29,aaf35eae-2,Beauty,293.84,15,249.76,UPI,2024-09-04
c6bd342a,25cd002f-e,Sports,367.27,25,275.45,UPI,2024-08-21
fc5078d2,86dccec4-a,Beauty,89.92,25,67.44,Credit Card,2024-08-09
3f4a4d51,25c1502c-f,Electronics,422.91,10,380.62,Debit Card,2024-04-28
fdf2e60c,e0d5b83a-3,Electronics,276.94,50,138.47,Credit Card,2024-06-08
7d0b041c,788e7cc6-6,Home & Kitchen,408.28,25,306.21,UPI,2024-07-23
0b37db24,33036bf9-b,Electronics,146.46,5,139.14,Net Banking,2024-07-14
99f7c009,1518f397-4,Home & Kitchen,389.59,10,350.63,Credit Card,2024-08-08
2c3663ad,0faf569e-1,Electronics,273.61,30,191.53,UPI,2024-02-02
0639e3bd,ae145df8-8,Sports,373.25,10,335.93,Credit Card,2024-04-16
9488464d,1a48d1a4-7,Home & Kitchen,120.24,30,84.17,Credit Card,2024-08-31
f1cc2d2c,1eda0f3c-9,Sports,195.46,0,195.46,UPI,2024-06-28
fd0e68a4,075c7e1a-a,Sports,18.99,5,18.04,Debit Card,2024-04-04
f25a81cc,a526d0bf-9,Books,124.31,50,62.16,UPI,2024-06-19
3a2348ca,979b12da-c,Clothing,233.95,10,210.56,Cash on Delivery,2024-08-09
345947ca,6a9280ea-2,Toys,291.38,10,262.24,Debit Card,2024-09-13
df026444,87c9f24f-8,Electronics,108.86,5,103.42,Debit Card,2024-10-21
2e20a6a6,5655eb89-5,Beauty,201.42,20,161.14,UPI,2024-05-28
8e00f191,d767d45d-a,Home & Kitchen,129.48,15,110.06,Credit Card,2024-11-19
451f1008,e8d4ff23-6,Beauty,475.59,20,380.47,Net Banking,2024-10-14
b32cee07,b8375129-c,Sports,471.4,30,329.98,Debit Card,2024-08-31
fda2a523,8a2d7d67-b,Books,279.07,10,251.16,Debit Card,2024-03-03
0d06b10b,f2dc543b-9,Home & Kitchen,373.45,30,261.41,Credit Card,2024-02-29
34cb1abe,fa44d09d-5,Clothing,89.77,10,80.79,Credit Card,2024-09-14
7be14799,b7a796cd-a,Sports,102.51,20,82.01,Cash on Delivery,2024-02-17
45ea58e2,dcb6da7a-7,Sports,246.87,10,222.18,UPI,2024-08-09
89bb6db8,cec7eb10-1,Sports,163.15,5,154.99,UPI,2024-05-24
6a796b7c,e716451f-f,Books,221.52,30,155.06,Cash on Delivery,2024-11-08
aa6c6d33,7ef9e09f-b,Electronics,411.81,5,391.22,Cash on Delivery,2024-05-09
3eb4bfdf,602bb15e-4,Clothing,466.18,0,466.18,UPI,2024-02-09
d6e39245,c534d5aa-5,Toys,446.49,50,223.25,Net Banking,2024-06-23
d95237bb,bfc775a1-a,Beauty,259.36,5,246.39,UPI,2024-04-22
d2e8696a,2fd1ffe3-1,Clothing,261.74,30,183.22,Cash on Delivery,2024-09-24
bc5c85a5,f9c10c74-8,Beauty,226.02,5,214.72,Net Banking,2024-02-23
18611bb6,136578f7-6,Electronics,149.94,20,119.95,UPI,2024-08-21
c70d89cf,706a6f3e-9,Books,44.18,30,30.93,Cash on Delivery,2024-02-11
e5c11c0b,581fab2b-a,Electronics,94.83,0,94.83,Credit Card,2024-07-19
69467b7d,c7008243-5,Sports,313.21,30,219.25,Debit Card,2024-11-11
028173ef,4efe9fdd-5,Clothing,249.86,50,124.93,Debit Card,2024-08-18
8bb4ff21,e4e13f0f-d,Sports,250.31,50,125.16,Credit Card,2024-04-08
e8a90aab,a6212e2e-a,Sports,330.56,15,280.98,Net Banking,2024-04-11
8db7dbb7,a28d5119-1,Clothing,377.06,5,358.21,Credit Card,2024-08-11
226d02cd,78ba3547-b,Toys,337.91,5,321.01,Net Banking,2024-05-03
ff94d6ab,8243d88e-e,Toys,52.16,10,46.94,Cash on Delivery,2024-02-25
d20005d8,8f3a5380-9,Toys,95.61,30,66.93,Cash on Delivery,2024-08-11
7594c248,04284bd4-a,Sports,155.98,20,124.78,Credit Card,2024-05-14
977da8a4,6d626cf9-1,Electronics,18.56,15,15.78,Cash on Delivery,2024-10-20
1fd91234,66f17216-a,Electronics,26.86,15,22.83,Debit Card,2024-10-22
d7118880,8264844a-e,Home & Kitchen,202.35,30,141.64,UPI,2024-06-21
9c5742f5,ad1f054b-2,Electronics,263.22,15,223.74,Debit Card,2024-08-22
d5a74f3f,3d5fe14e-1,Clothing,298.79,15,253.97,Debit Card,2024-03-03
a3185b29,27fb556a-3,Clothing,457.07,0,457.07,Cash on Delivery,2024-01-17
64272d22,38362f6f-1,Electronics,442.46,0,442.46,Net Banking,2024-11-05
b3659e63,35f1c343-b,Electronics,255.81,50,127.91,Credit Card,2024-03-12
c3030da8,100f5bd6-3,Electronics,32.89,0,32.89,Credit Card,2024-10-08
8dc4583b,e23f5984-b,Clothing,251.88,10,226.69,Cash on Delivery,2024-01-23
d895edc8,85edc59a-c,Electronics,120.68,15,102.58,Cash on Delivery,2024-09-09
5203df6d,625ff553-e,Sports,30.21,10,27.19,Credit Card,2024-10-10
d4c421dd,c3fe6a0a-3,Books,246.17,5,233.86,Credit Card,2024-08-11
f7ad61b4,c1fa2667-b,Toys,329.85,10,296.87,Credit Card,2024-06-25
361a60b8,d565ad1e-7,Toys,437.06,0,437.06,Debit Card,2024-07-31
1624e787,7e5f9dad-d,Home & Kitchen,204.0,5,193.8,Cash on Delivery,2024-08-31
9f887c1b,91e98516-d,Books,207.44,20,165.95,UPI,2024-02-18
3dd55fd2,1d206f3c-3,Home & Kitchen,463.6,25,347.7,Credit Card,2024-03-16
5430451c,769c6a76-6,Home & Kitchen,359.03,25,269.27,Debit Card,2024-10-15
9fd0f47d,9b6c0128-f,Books,384.7,15,327.0,Debit Card,2024-10-08
19dbc60e,d570140f-e,Electronics,298.02,25,223.51,Credit Card,2024-05-15
e87be34e,c8170aaa-e,Clothing,400.84,10,360.76,Credit Card,2024-04-12
f1dc18ef,3cd49ea6-1,Electronics,464.71,50,232.35,UPI,2024-08-03
d763b012,fb711bf3-4,Beauty,16.11,15,13.69,Cash on Delivery,2024-06-05
0645a3b4,135f9af5-5,Books,484.74,30,339.32,Cash on Delivery,2024-01-18
380397f3,43e4b99f-6,Toys,365.33,5,347.06,Credit Card,2024-03-11
a91f12d4,317d65ec-f,Electronics,176.01,0,176.01,Debit Card,2024-07-09
5a02a69f,b44206d3-1,Clothing,464.89,50,232.44,Net Banking,2024-10-04
d6f46477,f9677a24-6,Clothing,401.8,10,361.62,Net Banking,2024-11-20
4a370dca,0614e833-2,Clothing,210.96,15,179.32,Debit Card,2024-02-15
4e3b823e,3c8d5057-5,Toys,67.54,20,54.03,Credit Card,2024-01-09
8e6f1de2,624d50b3-3,Books,31.73,5,30.14,Cash on Delivery,2024-09-29
bcb50e14,76d8a34e-b,Electronics,298.26,20,238.61,Debit Card,2024-03-04
d41d809e,1f2ee9a2-5,Sports,247.86,20,198.29,UPI,2024-06-01
7b1d4411,03f4ca3b-8,Clothing,362.83,30,253.98,Debit Card,2024-04-19
cf64defc,e8f069f8-6,Books,476.64,50,238.32,Cash on Delivery,2024-05-17
03560326,d3a6af1a-7,Sports,388.38,5,368.96,Cash on Delivery,2024-02-13
fc81d481,19c52cc9-5,Sports,337.33,15,286.73,UPI,2024-10-11
646238e1,f0767145-7,Books,494.14,50,247.07,UPI,2024-11-05
7281a498,101ade60-3,Sports,455.94,30,319.16,Net Banking,2024-03-29
4ec6ded9,cb17280c-0,Beauty,221.53,0,221.53,Debit Card,2024-08-05
a91d9f56,9885fa19-4,Books,461.56,20,369.25,Net Banking,2024-09-01
eaca4fa0,d31d0123-a,Electronics,168.59,20,134.87,Credit Card,2024-06-03
aafd3769,4cca89d4-4,Clothing,482.74,5,458.6,Net Banking,2024-05-30
c01d4d47,b3d1ba0f-3,Books,200.93,30,140.65,Cash on Delivery,2024-02-06
4d2cd201,875caa36-1,Clothing,18.84,0,18.84,Credit Card,2024-06-17
20556324,eb873293-1,Home & Kitchen,109.89,15,93.41,UPI,2024-04-13
89166e96,5b444a16-4,Electronics,98.61,0,98.61,Net Banking,2024-03-28
4458ab6a,4462097e-3,Electronics,459.61,10,413.65,Debit Card,2024-06-01
b6b38943,e9dd6729-5,Electronics,28.61,10,25.75,Debit Card,2024-04-17
9a3a5585,82cc06cc-0,Toys,378.85,20,303.08,UPI,2024-05-18
295576f0,fbe1f8ba-0,Beauty,78.87,5,74.93,Debit Card,2024-06-25
61f64557,c070b4b6-1,Beauty,362.99,15,308.54,Credit Card,2024-07-07
7a87f292,6341d191-8,Sports,198.38,25,148.78,Credit Card,2024-03-09
8ddb0e80,87e5625f-c,Books,471.66,5,448.08,Credit Card,2024-06-13
dc0f7097,25a9c188-a,Clothing,68.68,30,48.08,UPI,2024-10-07
03f1774a,8adaa913-f,Books,289.83,10,260.85,Credit Card,2024-06-17
1943f27c,46a92f74-2,Sports,343.43,25,257.57,Credit Card,2024-03-10
dd9f4e5f,37d88ca0-0,Toys,196.34,5,186.52,Net Banking,2024-03-21
882bc61d,c7378104-f,Books,183.04,30,128.13,UPI,2024-05-30
3c669dc7,49ed6d0d-8,Sports,182.28,20,145.82,UPI,2024-09-09
a998be79,46500eae-c,Toys,329.94,15,280.45,Debit Card,2024-07-25
92a11c79,d701275e-9,Home & Kitchen,50.63,50,25.32,Cash on Delivery,2024-05-21
06451796,584a7808-7,Sports,40.61,30,28.43,Debit Card,2024-09-20
a94110ca,79a38003-0,Home & Kitchen,73.19,30,51.23,Cash on Delivery,2024-06-15
2ba824ee,868c12ec-1,Electronics,140.84,25,105.63,UPI,2024-03-04
bac1284d,4d8fc1fb-3,Clothing,460.17,15,391.14,UPI,2024-11-17
54b16993,272d1c1e-d,Toys,248.71,15,211.4,Cash on Delivery,2024-06-28
192edd4e,bf98ce15-f,Electronics,33.88,10,30.49,Credit Card,2024-03-12
99781be9,a2f4cd32-3,Books,464.05,20,371.24,Credit Card,2024-05-07
9a9a07f5,1ff851f4-7,Electronics,180.19,30,126.13,UPI,2024-08-21
abb37032,605fd5fe-7,Beauty,329.78,10,296.8,Debit Card,2024-09-20
00e75d81,7150ff17-b,Sports,336.05,30,235.23,UPI,2024-03-09
8355f413,df7cd075-2,Toys,95.06,5,90.31,Cash on Delivery,2024-06-15
a5bd8e47,b46bc60c-b,Beauty,94.97,30,66.48,UPI,2024-07-02
d7a17cb0,eb885daf-7,Beauty,443.0,5,420.85,UPI,2024-05-13
da787021,22ed0aa6-5,Sports,230.09,15,195.58,Credit Card,2024-01-11
95cda985,d6276dee-6,Toys,65.75,0,65.75,Credit Card,2024-07-28
51fe1422,6dc8bf66-f,Clothing,116.39,25,87.29,Net Banking,2024-02-20
e2d534fc,e4426847-7,Books,315.16,50,157.58,Net Banking,2024-06-22
f783772f,bcdaa92b-c,Sports,133.14,25,99.85,UPI,2024-11-04
128b6828,63132048-a,Home & Kitchen,167.4,10,150.66,Cash on Delivery,2024-09-10
284c8015,77363464-a,Clothing,43.48,25,32.61,UPI,2024-08-23
cca2b172,5e26e41d-1,Electronics,14.54,5,13.81,Net Banking,2024-04-26
f0241946,7d7d6526-3,Sports,302.08,25,226.56,UPI,2024-04-08
7abecd58,7d1006e3-7,Home & Kitchen,474.64,5,450.91,Cash on Delivery,2024-09-30
658e0882,f4dc1f9e-3,Toys,496.29,15,421.85,Net Banking,2024-09-22
6d8a2a99,97a50e99-a,Electronics,397.3,50,198.65,UPI,2024-10-31
8f7a0b5d,3d3bc42d-c,Beauty,284.26,50,142.13,Debit Card,2024-10-16
6369a7c3,a7ddfd45-9,Toys,146.22,50,73.11,Debit Card,2024-03-31
e71626bf,2c2faf85-a,Beauty,134.41,20,107.53,Credit Card,2024-05-07
9318bcd2,7efcfbc1-8,Toys,277.93,50,138.97,Net Banking,2024-04-23
d9c4fc09,505d5a39-d,Toys,175.25,30,122.67,Credit Card,2024-10-06
00209791,89fe8404-d,Toys,12.14,15,10.32,Credit Card,2024-05-13
94ac8476,e2a6302f-9,Books,333.82,30,233.67,Net Banking,2024-10-02
b7618bd0,dc1f1f13-f,Books,125.36,30,87.75,Debit Card,2024-10-13
d9b8e81b,89ddf5fd-7,Electronics,109.9,15,93.42,Credit Card,2024-07-24
905c8be8,c979e542-7,Clothing,473.91,30,331.74,Credit Card,2024-10-13
31761a11,2166f519-9,Electronics,294.36,50,147.18,Cash on Delivery,2024-07-20
359b71d4,fd8c870e-2,Clothing,460.68,10,414.61,Credit Card,2024-02-07
bfd771e4,e94d9977-3,Home & Kitchen,362.96,10,326.66,Debit Card,2024-09-30
b9168cc4,19f3b34c-3,Beauty,95.3,5,90.53,Net Banking,2024-09-01
d45a9dbe,c4910d2d-c,Books,259.1,0,259.1,Credit Card,2024-06-12
a12946ef,45f9b126-8,Books,205.38,30,143.77,Debit Card,2024-06-23
39963ecc,7b2b5520-9,Clothing,370.12,10,333.11,Cash on Delivery,2024-01-14
3d8cd018,ab136d2e-f,Home & Kitchen,97.7,15,83.05,Cash on Delivery,2024-01-20
db704f77,eedfbf75-6,Home & Kitchen,306.03,50,153.01,Cash on Delivery,2024-02-23
723714c2,5697bb51-3,Toys,72.75,20,58.2,Debit Card,2024-04-12
4ec2b2be,2ee16cb9-f,Clothing,186.26,20,149.01,UPI,2024-11-16
36e6f67c,22332c97-1,Toys,16.7,50,8.35,Cash on Delivery,2024-03-10
008384ad,c2a9a44a-4,Toys,191.15,50,95.58,UPI,2024-06-13
490111ac,47f7d81c-2,Sports,232.55,25,174.41,Cash on Delivery,2024-06-12
0c1fae8d,04a731ad-f,Home & Kitchen,234.62,15,199.43,Credit Card,2024-04-18
1c34cc19,106c929a-7,Electronics,31.72,20,25.38,UPI,2024-06-29
6b305d69,fb8256e8-a,Electronics,159.29,0,159.29,Cash on Delivery,2024-07-21
6af4e7e9,805daac9-0,Clothing,30.68,50,15.34,Cash on Delivery,2024-09-08
42fe34af,1b911467-9,Books,285.83,10,257.25,UPI,2024-06-27
fe4d03cd,92ff2301-c,Clothing,311.67,15,264.92,Net Banking,2024-10-01
f4518d7a,c968f734-c,Electronics,277.94,5,264.04,Debit Card,2024-09-04
447148db,a952cd60-a,Books,368.42,20,294.74,UPI,2024-07-13
2d574c24,58473eef-4,Home & Kitchen,379.22,15,322.34,Net Banking,2024-07-17
68073337,45f6a7d5-8,Electronics,265.27,25,198.95,Credit Card,2024-02-28
86cbee34,21341a74-3,Home & Kitchen,369.05,5,350.6,Debit Card,2024-06-26
527b9c2d,ed14558a-7,Beauty,493.7,20,394.96,Cash on Delivery,2024-03-13
3e3b26e1,9ffd92ed-4,Beauty,499.65,10,449.69,Debit Card,2024-07-25
ee2a2250,1878cf5a-b,Beauty,31.78,15,27.01,Debit Card,2024-06-02
0ef29560,78fc8fe3-6,Toys,145.1,25,108.82,UPI,2024-01-09
f9e39387,025cebdc-b,Toys,163.27,25,122.45,UPI,2024-07-22
df9db226,186cf076-b,Toys,223.69,20,178.95,Credit Card,2024-09-02
d71147c9,0c602c0e-d,Beauty,417.94,0,417.94,Cash on Delivery,2024-04-02
541f1998,4395c151-c,Home & Kitchen,270.76,30,189.53,Cash on Delivery,2024-02-08
5f245ccc,4bf67e4a-1,Beauty,497.52,50,248.76,UPI,2024-03-26
376509b0,a2fdbbd6-3,Sports,348.59,5,331.16,UPI,2024-09-19
ca0054f1,c4f7e6b0-9,Electronics,362.5,10,326.25,Credit Card,2024-09-10
77b6f008,4d57ddaa-d,Home & Kitchen,411.6,30,288.12,Debit Card,2024-11-12
bd42adcc,4a9db56e-b,Books,206.82,30,144.77,Cash on Delivery,2024-06-13
cf924ab8,8cc9674f-9,Books,161.64,0,161.64,Net Banking,2024-10-13
ad923bb1,881ea42d-0,Sports,27.22,20,21.78,Debit Card,2024-09-03
63b7cb47,d12bfdfa-c,Beauty,310.78,5,295.24,Cash on Delivery,2024-02-10
5e31c73f,fab11646-d,Toys,227.18,5,215.82,Net Banking,2024-09-15
b5dbe555,1524eaed-7,Home & Kitchen,383.65,15,326.1,Net Banking,2024-05-20
88f26a4e,87409d7f-6,Home & Kitchen,153.01,10,137.71,Net Banking,2024-03-12
320a04c7,12dec9d2-a,Sports,202.59,30,141.81,Net Banking,2024-08-27
f85b8d3c,a5f0b72c-e,Electronics,464.92,15,395.18,Cash on Delivery,2024-02-16
50540d6b,00cabebb-5,Toys,241.52,5,229.44,Debit Card,2024-07-07
c84cf1d8,dc52dd90-9,Clothing,153.55,30,107.48,Cash on Delivery,2024-01-05
4c71ecf8,9cc7d475-d,Electronics,52.37,50,26.18,Debit Card,2024-09-17
8dba0d32,ccaace6c-b,Beauty,83.47,20,66.78,Cash on Delivery,2024-01-28
3855d9fa,353a3dfb-c,Clothing,56.54,50,28.27,Debit Card,2024-09-30
cb21c984,ed3c487d-3,Books,200.97,25,150.73,UPI,2024-02-19
d8b248a8,6088e242-d,Electronics,458.08,10,412.27,UPI,2024-04-06
2fcadb6b,54459852-1,Home & Kitchen,284.25,20,227.4,Net Banking,2024-04-19
dabe2577,44399f1d-0,Beauty,329.64,15,280.19,Credit Card,2024-01-01
6a77d021,adeb9832-4,Books,407.43,5,387.06,Cash on Delivery,2024-08-28
722ed6bd,52de41ab-1,Clothing,141.16,5,134.1,Credit Card,2024-02-23
4769336c,ab11e8cb-a,Beauty,291.79,20,233.43,Net Banking,2024-02-27
d20bbc2b,65461fd8-0,Electronics,211.17,50,105.58,UPI,2024-07-07
0580edce,af0a95ad-9,Clothing,461.66,20,369.33,Credit Card,2024-10-06
6cec43d0,7b13c22d-e,Sports,71.33,20,57.06,Cash on Delivery,2024-04-10
b7936ac3,9f3985c8-e,Sports,208.52,15,177.24,UPI,2024-03-12
1fb7f40c,654d10d0-a,Toys,251.47,25,188.6,Net Banking,2024-04-13
19649d6c,cb073c91-8,Sports,249.57,50,124.78,Debit Card,2024-07-27
191c2795,9d539845-5,Home & Kitchen,327.6,30,229.32,Credit Card,2024-10-02
223e1e33,6c517e1f-0,Home & Kitchen,79.12,50,39.56,Credit Card,2024-01-08
c1acaead,6e5bd6db-0,Beauty,419.33,20,335.46,Net Banking,2024-03-22
82041756,f8863647-9,Sports,485.37,15,412.56,UPI,2024-10-23
8963cb6f,5771604f-4,Electronics,381.37,20,305.1,Debit Card,2024-07-07
bcc25218,40efd882-7,Electronics,43.97,10,39.57,Net Banking,2024-07-23
3b71545e,a4d41da0-b,Sports,18.83,25,14.12,Cash on Delivery,2024-10-18
fb73ed45,1f1d87d4-7,Sports,407.91,10,367.12,Credit Card,2024-06-18
329b7c97,66140a6e-1,Electronics,242.01,50,121.0,Net Banking,2024-05-20
559fa173,7b67e89b-6,Toys,284.88,30,199.42,Credit Card,2024-03-27
a1268df3,7df8467d-8,Books,277.39,20,221.91,UPI,2024-06-23
ddeec1fb,8a92200f-7,Electronics,93.6,0,93.6,UPI,2024-01-05
883b954f,9818c76a-8,Electronics,300.06,0,300.06,Cash on Delivery,2024-04-20
3958d313,73871064-1,Clothing,34.36,5,32.64,Cash on Delivery,2024-06-07
eeac60e5,5be37573-b,Toys,258.4,25,193.8,UPI,2024-10-27
c04b4143,ca06715c-d,Clothing,347.13,5,329.77,Net Banking,2024-11-18
81704388,c92b0f0c-c,Home & Kitchen,480.8,25,360.6,Net Banking,2024-11-05
95912e32,9bb22a8b-a,Home & Kitchen,92.03,20,73.62,Credit Card,2024-07-21
d290f1f8,3d7c2710-7,Clothing,341.83,5,324.74,Debit Card,2024-03-06
ed543573,207d5b1e-8,Electronics,354.66,30,248.26,Cash on Delivery,2024-10-03
62c9beef,f0074454-3,Books,441.84,25,331.38,Net Banking,2024-10-09
9a9e2f5b,4ad3c592-c,Home & Kitchen,481.86,5,457.77,UPI,2024-08-15
f602c02d,c3265e2a-f,Books,382.18,10,343.96,Debit Card,2024-04-26
4851e157,80b52540-7,Clothing,161.02,30,112.71,Debit Card,2024-06-24
2063936e,fd1ec13c-d,Toys,477.48,0,477.48,UPI,2024-10-25
4852a573,b9bf1e92-b,Books,301.17,25,225.88,UPI,2024-11-12
33be8310,7e635ae5-c,Home & Kitchen,428.08,30,299.66,Debit Card,2024-06-13
35313885,e876784d-7,Electronics,260.66,30,182.46,Cash on Delivery,2024-09-29
a614a195,791be972-6,Books,126.22,0,126.22,Cash on Delivery,2024-01-20
abff895f,b99c3aa9-c,Books,15.04,25,11.28,Net Banking,2024-03-10
abc32e14,b14ddad9-e,Home & Kitchen,474.05,20,379.24,Cash on Delivery,2024-05-21
de85b962,650cfb0b-7,Home & Kitchen,261.58,30,183.11,Cash on Delivery,2024-02-07
f4d21e00,4800e623-9,Sports,484.13,30,338.89,UPI,2024-11-01
6c851471,88556210-7,Beauty,73.24,10,65.92,Cash on Delivery,2024-01-07
fc14a4b2,28a53034-3,Clothing,342.32,20,273.86,Debit Card,2024-01-21
0ffb9389,e960a759-3,Home & Kitchen,69.64,20,55.71,Debit Card,2024-09-25
0c9235c1,263982c9-a,Books,407.48,5,387.11,Credit Card,2024-08-17
20a19ba6,4a32c0a0-8,Electronics,99.49,20,79.59,Debit Card,2024-07-17
937d9e65,aff7f14b-0,Toys,330.6,30,231.42,Cash on Delivery,2024-08-25
5842f35e,11fb33c7-a,Books,90.77,5,86.23,Cash on Delivery,2024-05-24
b2d5adaa,1990cfc9-5,Beauty,130.13,10,117.12,UPI,2024-11-19
2b33b2b6,e20f0e47-6,Books,441.92,30,309.34,Net Banking,2024-04-28
771a9563,fc294888-f,Electronics,256.51,0,256.51,Net Banking,2024-06-21
7580c1b1,289544ad-2,Sports,392.04,20,313.63,Cash on Delivery,2024-03-08
8b885340,5a4c2797-7,Home & Kitchen,496.82,0,496.82,Debit Card,2024-04-20
51363656,76639c92-e,Electronics,206.43,25,154.82,UPI,2024-06-26
2421a3f6,872b8abe-f,Sports,278.41,5,264.49,Cash on Delivery,2024-11-07
14f20acd,a90e4600-6,Toys,221.23,25,165.92,UPI,2024-08-02
b9cfaba1,01f61e5d-d,Toys,253.31,5,240.64,Debit Card,2024-10-25
ec6cf96c,3f220d8a-4,Beauty,85.36,50,42.68,UPI,2024-09-22
7c07bb17,a0a861a7-0,Clothing,122.21,20,97.77,Net Banking,2024-07-19
e70186b8,7e13033b-9,Sports,40.02,50,20.01,Credit Card,2024-05-20
fd015934,b843f1a2-3,Sports,482.59,15,410.2,Credit Card,2024-05-17
c27ce717,22c19343-0,Clothing,343.71,50,171.85,Cash on Delivery,2024-03-05
8f7fbe97,58a12720-9,Books,407.74,5,387.35,Credit Card,2024-04-16
317a7a6a,02c35efa-3,Books,274.57,10,247.11,Net Banking,2024-04-09
fe2ddc82,9824cc72-0,Home & Kitchen,181.18,20,144.94,Credit Card,2024-01-30
095bcc91,36a204de-b,Books,301.21,30,210.85,Net Banking,2024-09-28
85d8fdfd,80b28ec1-1,Sports,378.97,0,378.97,Cash on Delivery,2024-10-25
912a636b,f0dc391c-b,Home & Kitchen,291.57,15,247.83,UPI,2024-09-12
75d6b929,8dfa80a9-a,Sports,374.81,50,187.41,Credit Card,2024-04-15
2cc7ae37,b720ce22-f,Books,285.95,20,228.76,Net Banking,2024-10-02
ceb520d0,563623c6-f,Electronics,309.01,25,231.76,Debit Card,2024-10-21
d420adeb,09144443-b,Sports,499.96,50,249.98,Net Banking,2024-08-24
158df4de,17cc8844-e,Electronics,376.17,50,188.09,Cash on Delivery,2024-10-03
ebf19184,fc077491-6,Toys,189.0,10,170.1,Net Banking,2024-09-27
ec38f4fa,0d2ea5a2-6,Sports,471.23,20,376.98,Net Banking,2024-02-14
f8a02dac,c2e06025-6,Books,108.88,15,92.55,Net Banking,2024-07-13
53b0ac5a,bc80dadc-b,Home & Kitchen,176.92,0,176.92,UPI,2024-10-31
20eef2f5,e695e227-e,Beauty,172.71,25,129.53,Credit Card,2024-04-19
094b4804,deec827a-3,Toys,403.23,5,383.07,UPI,2024-11-03
b871eb1f,a6a347dd-a,Books,224.05,10,201.65,Debit Card,2024-04-28
6565f641,9f0098a7-5,Beauty,458.94,0,458.94,UPI,2024-03-14
28eb571c,a6189391-d,Home & Kitchen,186.09,0,186.09,UPI,2024-06-18
8ef41c4f,34d122bf-5,Toys,94.02,20,75.22,Credit Card,2024-01-17
8c990553,7b4233d2-d,Toys,178.71,5,169.77,Credit Card,2024-10-12
a1099e85,bc8165dc-d,Home & Kitchen,138.31,10,124.48,Credit Card,2024-05-04
bdb0edfe,f12eee5a-c,Beauty,61.62,15,52.38,Credit Card,2024-01-19
d8970dd2,475d4cf1-c,Sports,493.04,0,493.04,Net Banking,2024-03-17
0e09bb42,a3b21d1b-b,Clothing,93.28,15,79.29,Net Banking,2024-07-31
f893da7a,70b6b201-4,Toys,459.49,15,390.57,Net Banking,2024-01-03
744e3383,7dd40ade-e,Home & Kitchen,246.03,15,209.13,Debit Card,2024-05-11
f4d0aa67,48231ccc-5,Electronics,172.66,0,172.66,Credit Card,2024-09-03
7cbe212a,4b41a5fc-3,Clothing,233.2,20,186.56,Cash on Delivery,2024-05-14
ac02118a,2787e47c-9,Toys,304.79,30,213.35,UPI,2024-09-26
f878e329,143dd678-7,Books,124.42,0,124.42,Credit Card,2024-11-05
ebd4488c,82b5be1c-d,Electronics,27.16,10,24.44,Net Banking,2024-04-09
635d1b34,66d84c63-e,Sports,420.22,0,420.22,Cash on Delivery,2024-02-17
e06e1b01,7b826100-c,Beauty,187.72,30,131.4,Credit Card,2024-02-12
7d7169a4,8f17be1c-d,Toys,363.56,50,181.78,Net Banking,2024-05-03
f53931c3,2db00657-3,Clothing,256.97,50,128.49,Credit Card,2024-02-15
d833241e,ff777544-d,Toys,389.7,10,350.73,Cash on Delivery,2024-04-01
26525a44,5be07323-d,Home & Kitchen,242.13,30,169.49,Net Banking,2024-01-28
5efa07f9,7c691a42-9,Beauty,415.0,5,394.25,Debit Card,2024-05-19
84531d15,6ed3d2f3-3,Toys,205.38,10,184.84,Credit Card,2024-09-09
73c7af6b,a72d9534-6,Electronics,402.37,0,402.37,Net Banking,2024-07-30
4d5cef27,94d72c63-f,Toys,130.6,0,130.6,UPI,2024-03-09
bc30caa0,f5925221-d,Clothing,401.02,15,340.87,Cash on Delivery,2024-05-11
e2f51045,d6f32dd8-f,Electronics,376.07,30,263.25,Debit Card,2024-05-24
2fdaa4b7,264cc6f2-b,Books,361.79,50,180.9,Net Banking,2024-09-23
ec750276,796274f4-9,Electronics,477.51,25,358.13,Cash on Delivery,2024-10-19
b52a9a86,baf6af3a-2,Toys,209.1,50,104.55,Credit Card,2024-08-02
d5fba1fa,54768b80-4,Toys,367.38,15,312.27,Debit Card,2024-06-18
33c35bb2,77b44571-a,Beauty,49.99,20,39.99,Debit Card,2024-03-27
4f782125,98991933-6,Home & Kitchen,223.13,5,211.97,UPI,2024-03-29
815bb3e2,a315c8f4-1,Clothing,481.77,10,433.59,Credit Card,2024-09-03
7c123e25,71e34e7e-d,Toys,333.36,10,300.02,Debit Card,2024-02-27
c4710669,4b0a0467-d,Books,460.93,20,368.74,Credit Card,2024-04-20
b486bdc0,ab545833-e,Home & Kitchen,198.84,50,99.42,UPI,2024-07-28
418f40d0,6c180001-8,Books,335.09,20,268.07,Debit Card,2024-10-13
a9291a98,60305bf5-b,Books,410.41,50,205.21,Credit Card,2024-06-02
c6e9c8a6,d3dc4ba6-3,Electronics,393.83,50,196.91,Net Banking,2024-08-21
3d31754b,e2c3e03c-f,Electronics,398.76,30,279.13,Credit Card,2024-05-04
0c74e0f0,87109b74-d,Clothing,455.43,15,387.12,UPI,2024-06-15
cf29466e,ed1adb23-e,Toys,352.31,20,281.85,Credit Card,2024-10-04
2697b3d8,f163326a-e,Sports,166.63,30,116.64,Debit Card,2024-03-04
3f298345,4c7cdc78-5,Sports,362.57,5,344.44,Credit Card,2024-05-31
9a3d7a70,0ca0aa41-4,Books,96.73,25,72.55,UPI,2024-10-04
df980ec1,c5cc3ef2-7,Sports,420.31,50,210.16,Debit Card,2024-03-04
fbf3b6d9,a57ea4d6-b,Sports,56.1,25,42.08,Net Banking,2024-09-09
6b5e77c8,545a2eb9-d,Sports,349.84,15,297.36,UPI,2024-07-14
91ed529f,3636152c-4,Books,358.31,15,304.56,Debit Card,2024-01-25
60560203,b75f0c2c-f,Toys,361.61,15,307.37,UPI,2024-05-02
e426ec00,dce8b779-7,Electronics,450.48,5,427.96,Debit Card,2024-11-07
8a8e4d60,5b6f25c3-7,Books,330.31,15,280.76,Net Banking,2024-10-14
aab9ddbb,63ae55e3-c,Electronics,151.85,15,129.07,Cash on Delivery,2024-06-11
c4d760c3,81a22f1c-4,Clothing,276.74,0,276.74,Debit Card,2024-06-18
d930502c,4583a4bf-b,Toys,345.43,15,293.62,Debit Card,2024-10-08
ef9c5215,510084a8-1,Books,389.96,15,331.47,Debit Card,2024-05-22
9c5e398c,22eb5551-c,Home & Kitchen,16.18,5,15.37,Credit Card,2024-11-02
6ab927cc,94f6ab2a-a,Books,226.93,30,158.85,Net Banking,2024-11-20
789a89e9,9fbcb30e-3,Electronics,116.1,10,104.49,UPI,2024-06-17
8e1f81cd,2a410eda-f,Toys,216.97,50,108.48,Debit Card,2024-05-30
e8e91d15,d0a161db-1,Electronics,33.25,5,31.59,Debit Card,2024-03-25
4401eb85,25ef6419-9,Electronics,181.56,0,181.56,Debit Card,2024-08-14
23b8db27,6f11ccc4-8,Clothing,350.58,0,350.58,Credit Card,2024-09-10
d279b7f1,5524ed33-7,Clothing,222.11,50,111.06,Credit Card,2024-02-27
88984c72,b278799f-b,Beauty,445.45,15,378.63,Net Banking,2024-10-31
718a642f,4ba7e11d-7,Home & Kitchen,449.09,25,336.82,UPI,2024-11-04
4bb60db5,f99b8f8a-c,Beauty,206.19,0,206.19,Cash on Delivery,2024-10-15
ce7d898b,c8d049e0-d,Home & Kitchen,19.55,5,18.57,UPI,2024-06-10
4f99b5dc,44002de8-0,Home & Kitchen,211.62,0,211.62,Net Banking,2024-07-22
07fd6558,e77e1af7-5,Electronics,152.24,50,76.12,UPI,2024-04-22
0b385dfa,81dfd444-c,Toys,222.36,0,222.36,Net Banking,2024-07-22
b0de127f,5f4bc204-f,Home & Kitchen,95.92,25,71.94,Debit Card,2024-04-19
56b9b6e6,1e2f69da-1,Beauty,335.09,0,335.09,Credit Card,2024-08-26
e3f9922a,7bf2973a-6,Toys,241.25,20,193.0,Credit Card,2024-06-01
925202a4,52599214-3,Sports,123.91,25,92.93,Credit Card,2024-11-10
